,Pruebas,coef(a)_6am-MLP,rsquared_6am-MLP,Standard Error_6am-MLP,coef(b)_6am-MLP,coef(a)_Acu-6am-MLP,rsquared_Acu-6am-MLP,Standard Error_Acu-6am-MLP,coef(b)_Acu-6am-MLP,coef(a)_6am-Beysens,rsquared_6am-Beysens,Standard Error_6am-Beysens,coef(b)_6am-Beysens,coef(a)_Acu-6am-Beysens,rsquared_Acu-6am-Beysens,Standard Error_Acu-6am-Beysens,coef(b)_Acu-6am-Beysens,coef(a)_Beysens-PM,rsquared_Beysens-PM,Standard Error_Beysens-PM,coef(b)_Beysens-PM,coef(a)_Acu-Beysens-PM,rsquared_Acu-Beysens-PM,Standard Error_Acu-Beysens-PM,coef(b)_Acu-Beysens-PM,coef(a)_MLP-PM,rsquared_MLP-PM,Standard Error_MLP-PM,coef(b)_MLP-PM,coef(a)_Acu-MLP-PM,rsquared_Acu-MLP-PM,Standard Error_Acu-MLP-PM,coef(b)_Acu-MLP-PM
0,3.0,0.7404447741431293,0.25641850102209973,0.11415696014635957,0.020605455545111007,1.4021526810262213,0.9828601122550934,0.016763840586497797,0.13443459990379722,0.5123047668255709,0.24595155443704664,0.08121258235615558,0.015797366390376794,0.9786162251739967,0.9714851388519276,0.015179240657069245,0.30560282507667064,-8.100309510574919e-05,3.7895564536261084e-05,0.0011912948887664373,0.0028472469272946403,0.11341576986715715,0.8602981435196292,0.004137806005971729,-0.03496229176987567,0.23761225759801374,0.05650795117348928,0.08790292785992623,0.020517318442021953,0.914913405168682,0.942198763486161,0.0205162212519036,0.23250445269003053
