,Pruebas,coef(a)_6am-MLP,rsquared_6am-MLP,Standard Error_6am-MLP,coef(b)_6am-MLP,coef(a)_Acu-6am-MLP,rsquared_Acu-6am-MLP,Standard Error_Acu-6am-MLP,coef(b)_Acu-6am-MLP,coef(a)_6am-Beysens,rsquared_6am-Beysens,Standard Error_6am-Beysens,coef(b)_6am-Beysens,coef(a)_Acu-6am-Beysens,rsquared_Acu-6am-Beysens,Standard Error_Acu-6am-Beysens,coef(b)_Acu-6am-Beysens,coef(a)_Beysens-PM,rsquared_Beysens-PM,Standard Error_Beysens-PM,coef(b)_Beysens-PM,coef(a)_Acu-Beysens-PM,rsquared_Acu-Beysens-PM,Standard Error_Acu-Beysens-PM,coef(b)_Acu-Beysens-PM,coef(a)_MLP-PM,rsquared_MLP-PM,Standard Error_MLP-PM,coef(b)_MLP-PM,coef(a)_Acu-MLP-PM,rsquared_Acu-MLP-PM,Standard Error_Acu-MLP-PM,coef(b)_Acu-MLP-PM
0,7.0,-6.125179159710559e-08,0.01957974673668461,3.959065684238781e-08,0.029347789923052457,0.8330434895462675,0.9255420145745995,0.02139170157157846,-0.1320238212828074,0.6230921812275979,0.3724106187684353,0.07323170603570657,0.01621730296590517,1.1164525911032404,0.9626669264199567,0.019905322490895955,-0.2086360356737222,-0.00038375652302667933,0.0003011356565113532,0.0020018400034636963,0.005887057530949737,0.18918544622447062,0.9144439769738897,0.005239074217865631,-0.05654482591746282,0.9769122234800053,0.13213340521593997,0.22667088061006202,0.0432525202209702,2.671588109857421,0.9626990761864906,0.04761064915228401,-1.0436359425170307
