,Pruebas,coef(a)_LM-PD,rsquared_LM-PD,Standard Error_LM-PD,coef(b)_LM-PD,coef(a)_Acu-LM-PD,rsquared_Acu-LM-PD,Standard Error_Acu-LM-PD,coef(b)_Acu-LM-PD,coef(a)LM-6AM,rsquaredLM-6AM,Standard ErrorLM-6AM,coef(b)LM-6AM,coef(a)_Acu-LM-6AM,rsquared_Acu-LM-6AM,Standard Error_Acu-LM-6AM,coef(b)_Acu-LM-6AM
0,6.0,0.3574729132819213,0.29230591447862364,0.050357852827115086,0.03936690575930164,1.763802495842616,0.9930408562468233,0.013367936743650572,-0.00977205759879636,0.3658133791344361,0.28927652187221886,0.05191267059508489,0.009962253540430482,0.7128015346485941,0.9803556165685217,0.009135158608266459,-0.07222727316677505
