,Pruebas,coef(a)_6am-MLP,rsquared_6am-MLP,Standard Error_6am-MLP,coef(b)_6am-MLP,coef(a)_Acu-6am-MLP,rsquared_Acu-6am-MLP,Standard Error_Acu-6am-MLP,coef(b)_Acu-6am-MLP,coef(a)_6am-Beysens,rsquared_6am-Beysens,Standard Error_6am-Beysens,coef(b)_6am-Beysens,coef(a)_Acu-6am-Beysens,rsquared_Acu-6am-Beysens,Standard Error_Acu-6am-Beysens,coef(b)_Acu-6am-Beysens,coef(a)_Beysens-PM,rsquared_Beysens-PM,Standard Error_Beysens-PM,coef(b)_Beysens-PM,coef(a)_Acu-Beysens-PM,rsquared_Acu-Beysens-PM,Standard Error_Acu-Beysens-PM,coef(b)_Acu-Beysens-PM,coef(a)_MLP-PM,rsquared_MLP-PM,Standard Error_MLP-PM,coef(b)_MLP-PM,coef(a)_Acu-MLP-PM,rsquared_Acu-MLP-PM,Standard Error_Acu-MLP-PM,coef(b)_Acu-MLP-PM
0,7.0,0.3784047858025026,0.4089854601958445,0.041183367434966006,0.015629697087523438,0.9553962242674522,0.9736632502406497,0.014225918125352012,-0.3875692238755383,0.5010604441980586,0.24163643301529814,0.08036514376993832,0.019748825598151793,1.260967596379699,0.9617684381151513,0.022761441930895618,-0.7725048193492879,0.0007497978917050906,0.0012158277082241487,0.0019456472612079932,0.0027711365178362743,0.19112056111283318,0.8820468415346798,0.006327562727480249,-0.126748042917535,0.43920708538188724,0.19951855879327896,0.07964773422329606,0.01763908914034305,1.0383107473911557,0.975893994006222,0.014774362093159724,-0.20599129816544826
