,Pruebas,coef(a)_6am-MLP,rsquared_6am-MLP,Standard Error_6am-MLP,coef(b)_6am-MLP,coef(a)_Acu-6am-MLP,rsquared_Acu-6am-MLP,Standard Error_Acu-6am-MLP,coef(b)_Acu-6am-MLP,coef(a)_6am-Beysens,rsquared_6am-Beysens,Standard Error_6am-Beysens,coef(b)_6am-Beysens,coef(a)_Acu-6am-Beysens,rsquared_Acu-6am-Beysens,Standard Error_Acu-6am-Beysens,coef(b)_Acu-6am-Beysens,coef(a)_Beysens-PM,rsquared_Beysens-PM,Standard Error_Beysens-PM,coef(b)_Beysens-PM,coef(a)_Acu-Beysens-PM,rsquared_Acu-Beysens-PM,Standard Error_Acu-Beysens-PM,coef(b)_Acu-Beysens-PM,coef(a)_MLP-PM,rsquared_MLP-PM,Standard Error_MLP-PM,coef(b)_MLP-PM,coef(a)_Acu-MLP-PM,rsquared_Acu-MLP-PM,Standard Error_Acu-MLP-PM,coef(b)_Acu-MLP-PM
0,9.0,0.4014937408104078,0.4660472873488968,0.038907676341421275,0.022355403888201113,1.0693756401002457,0.9889775765866928,0.01022105428095105,0.13082771869784585,0.6631109432775726,0.3766914614724961,0.07722624701573293,0.012830292886796189,1.0992940574578767,0.9902200775784472,0.009890899884005199,0.03771405716348623,0.0008883104369725977,0.003985962766020035,0.001271308527947146,0.0008476137667788861,0.07990239888109879,0.7748728633685502,0.0038992277329771992,-0.023650117873485754,0.2600595315114044,0.2930075552372833,0.03657302296395357,0.027077613739960663,1.1024113914330016,0.9855343748955522,0.012091954174389064,0.23493023320526124
