,Pruebas,coef(a)_LM-PD,rsquared_LM-PD,Standard Error_LM-PD,coef(b)_LM-PD,coef(a)_Acu-LM-PD,rsquared_Acu-LM-PD,Standard Error_Acu-LM-PD,coef(b)_Acu-LM-PD,coef(a)LM-6AM,rsquaredLM-6AM,Standard ErrorLM-6AM,coef(b)LM-6AM,coef(a)_Acu-LM-6AM,rsquared_Acu-LM-6AM,Standard Error_Acu-LM-6AM,coef(b)_Acu-LM-6AM
0,8.0,0.5493491292053688,0.12296925272001713,0.1328243629885543,0.047353695888071985,2.65203323426935,0.9731328293436551,0.039895503741941715,0.13573411191993723,0.4059512047792896,0.2769971604334439,0.05937809934684615,0.01756969771248876,1.344200962591671,0.9784630177604735,0.01805529145419006,-0.10666205072273985
