,Pruebas,coef(a)_6am-MLP,rsquared_6am-MLP,Standard Error_6am-MLP,coef(b)_6am-MLP,coef(a)_Acu-6am-MLP,rsquared_Acu-6am-MLP,Standard Error_Acu-6am-MLP,coef(b)_Acu-6am-MLP,coef(a)_6am-Beysens,rsquared_6am-Beysens,Standard Error_6am-Beysens,coef(b)_6am-Beysens,coef(a)_Acu-6am-Beysens,rsquared_Acu-6am-Beysens,Standard Error_Acu-6am-Beysens,coef(b)_Acu-6am-Beysens,coef(a)_Beysens-PM,rsquared_Beysens-PM,Standard Error_Beysens-PM,coef(b)_Beysens-PM,coef(a)_Acu-Beysens-PM,rsquared_Acu-Beysens-PM,Standard Error_Acu-Beysens-PM,coef(b)_Acu-Beysens-PM,coef(a)_MLP-PM,rsquared_MLP-PM,Standard Error_MLP-PM,coef(b)_MLP-PM,coef(a)_Acu-MLP-PM,rsquared_Acu-MLP-PM,Standard Error_Acu-MLP-PM,coef(b)_Acu-MLP-PM
0,2.0,0.6403882563737312,0.5072247063135692,0.05714624863722955,0.013440777454328205,1.1226544604481872,0.9827924974271431,0.013449130085107305,0.06554460449139216,0.5981696641643565,0.2884120230912527,0.08506523169197348,0.018762106349486465,1.3122908935911206,0.9508066427989251,0.02702447882210909,0.28712269263501444,0.002118343763277618,0.006808176711553537,0.0023164220004351483,0.0016905821068602853,0.11568044525898866,0.7425177971012173,0.006167372934017797,0.0929091694734459,0.2466449504296521,0.09798598844518414,0.06775119757060624,0.02503405650019017,1.124092977533937,0.9425555407006067,0.025124238983152664,0.5296865257891479
