,Pruebas,coef(a)_6am-MLP,rsquared_6am-MLP,Standard Error_6am-MLP,coef(b)_6am-MLP,coef(a)_Acu-6am-MLP,rsquared_Acu-6am-MLP,Standard Error_Acu-6am-MLP,coef(b)_Acu-6am-MLP,coef(a)_6am-Beysens,rsquared_6am-Beysens,Standard Error_6am-Beysens,coef(b)_6am-Beysens,coef(a)_Acu-6am-Beysens,rsquared_Acu-6am-Beysens,Standard Error_Acu-6am-Beysens,coef(b)_Acu-6am-Beysens,coef(a)_Beysens-PM,rsquared_Beysens-PM,Standard Error_Beysens-PM,coef(b)_Beysens-PM,coef(a)_Acu-Beysens-PM,rsquared_Acu-Beysens-PM,Standard Error_Acu-Beysens-PM,coef(b)_Acu-Beysens-PM,coef(a)_MLP-PM,rsquared_MLP-PM,Standard Error_MLP-PM,coef(b)_MLP-PM,coef(a)_Acu-MLP-PM,rsquared_Acu-MLP-PM,Standard Error_Acu-MLP-PM,coef(b)_Acu-MLP-PM
0,4.0,0.19673836417602855,0.13036247187676597,0.046004686080340786,0.021551940047542233,0.9921111000712601,0.9558630323529447,0.019301177556966694,-0.02667773571078927,0.6793202838728581,0.3989089325526032,0.07549669212127477,0.013277617404407456,1.1510447680905302,0.982544954274319,0.01388981880663972,-0.09808346064505255,-0.0003696172810890337,0.00029633337324541653,0.0019436484342226458,0.003280848676225061,0.09573006818338657,0.6827807581944245,0.0059075523320589116,0.034594591446293635,0.1468759030437673,0.09950031664726955,0.04000371210014587,0.023766091053466172,1.1149806416146677,0.972020865223458,0.01712642661080456,-0.15828965916117757
