,Pruebas,coef(a)_6am-MLP,rsquared_6am-MLP,Standard Error_6am-MLP,coef(b)_6am-MLP,coef(a)_Acu-6am-MLP,rsquared_Acu-6am-MLP,Standard Error_Acu-6am-MLP,coef(b)_Acu-6am-MLP,coef(a)_6am-Beysens,rsquared_6am-Beysens,Standard Error_6am-Beysens,coef(b)_6am-Beysens,coef(a)_Acu-6am-Beysens,rsquared_Acu-6am-Beysens,Standard Error_Acu-6am-Beysens,coef(b)_Acu-6am-Beysens,coef(a)_Beysens-PM,rsquared_Beysens-PM,Standard Error_Beysens-PM,coef(b)_Beysens-PM,coef(a)_Acu-Beysens-PM,rsquared_Acu-Beysens-PM,Standard Error_Acu-Beysens-PM,coef(b)_Acu-Beysens-PM,coef(a)_MLP-PM,rsquared_MLP-PM,Standard Error_MLP-PM,coef(b)_MLP-PM,coef(a)_Acu-MLP-PM,rsquared_Acu-MLP-PM,Standard Error_Acu-MLP-PM,coef(b)_Acu-MLP-PM
0,4.0,0.4591635682208072,0.40449470013578537,0.05043986347013125,0.029943827790504002,1.4884579273849996,0.9845007254183363,0.016908470129802195,0.022235963390650343,0.7901190832065952,0.45884034909253146,0.07768631814223717,0.01992474832025213,1.4958938635765668,0.9911246514238121,0.012815909608564895,0.07560696068298722,0.003506540386802858,0.021233533209738975,0.002155397316990658,-0.0017985527152561103,0.10333816729319682,0.6628122884217273,0.006673004740357018,-0.027894692583338404,0.2705494179196517,0.18982193145465076,0.05060387025954425,0.02923760353164938,1.2808914021963007,0.9857077011434737,0.01396398471701664,0.05044643966122293
