,Pruebas,coef(a)_6am-MLP,rsquared_6am-MLP,Standard Error_6am-MLP,coef(b)_6am-MLP,coef(a)_Acu-6am-MLP,rsquared_Acu-6am-MLP,Standard Error_Acu-6am-MLP,coef(b)_Acu-6am-MLP,coef(a)_6am-Beysens,rsquared_6am-Beysens,Standard Error_6am-Beysens,coef(b)_6am-Beysens,coef(a)_Acu-6am-Beysens,rsquared_Acu-6am-Beysens,Standard Error_Acu-6am-Beysens,coef(b)_Acu-6am-Beysens,coef(a)_Beysens-PM,rsquared_Beysens-PM,Standard Error_Beysens-PM,coef(b)_Beysens-PM,coef(a)_Acu-Beysens-PM,rsquared_Acu-Beysens-PM,Standard Error_Acu-Beysens-PM,coef(b)_Acu-Beysens-PM,coef(a)_MLP-PM,rsquared_MLP-PM,Standard Error_MLP-PM,coef(b)_MLP-PM,coef(a)_Acu-MLP-PM,rsquared_Acu-MLP-PM,Standard Error_Acu-MLP-PM,coef(b)_Acu-MLP-PM
0,9.0,0.5657280490088086,0.3640493368535752,0.0676954401601766,0.025542687911257644,1.5759816350271774,0.9930537286149692,0.011933304875028016,0.14936220220009497,0.9009247466989765,0.41932010056379687,0.09598517407062351,0.010593400252250341,1.3892199308887427,0.9924232711564209,0.010989640680339925,-0.14771420653124673,-0.0016991639483240437,0.011339708332168685,0.0014364085227130683,0.004332892034150005,0.03272513144778312,0.33814973828965256,0.004145021895305277,0.10007528641573901,0.2631835789073723,0.26353741772396744,0.03983208509115784,0.02740988446375793,1.338837845221944,0.987748975370775,0.01349929152902101,-0.007057878075074318
