,Pruebas,coef(a)_6am-MLP,rsquared_6am-MLP,Standard Error_6am-MLP,coef(b)_6am-MLP,coef(a)_Acu-6am-MLP,rsquared_Acu-6am-MLP,Standard Error_Acu-6am-MLP,coef(b)_Acu-6am-MLP,coef(a)_6am-Beysens,rsquared_6am-Beysens,Standard Error_6am-Beysens,coef(b)_6am-Beysens,coef(a)_Acu-6am-Beysens,rsquared_Acu-6am-Beysens,Standard Error_Acu-6am-Beysens,coef(b)_Acu-6am-Beysens,coef(a)_Beysens-PM,rsquared_Beysens-PM,Standard Error_Beysens-PM,coef(b)_Beysens-PM,coef(a)_Acu-Beysens-PM,rsquared_Acu-Beysens-PM,Standard Error_Acu-Beysens-PM,coef(b)_Acu-Beysens-PM,coef(a)_MLP-PM,rsquared_MLP-PM,Standard Error_MLP-PM,coef(b)_MLP-PM,coef(a)_Acu-MLP-PM,rsquared_Acu-MLP-PM,Standard Error_Acu-MLP-PM,coef(b)_Acu-MLP-PM
0,119.0,0.7643940857503807,0.30306913282653014,0.10494491469475095,0.013144877831299633,1.1028922841089592,0.9807309303014979,0.013996151085062287,0.26017522756501515,0.815344636762202,0.44572200156685216,0.08231767344835494,0.013759580040756276,1.2794775859193432,0.9935246666100674,0.009351784848072957,-0.12789827330151,-0.0004498038436309523,0.0006904363711065509,0.0015492854352396285,0.004646661014678414,0.13366789909101906,0.883001990524954,0.004405098278165288,0.04510030239414523,0.22559774553297174,0.09378400550392207,0.06349015715019113,0.02715049487565492,1.1262996795462974,0.9859700766080873,0.012163815584441216,0.30134892590627765
