,Pruebas,coef(a)_6am-MLP,rsquared_6am-MLP,Standard Error_6am-MLP,coef(b)_6am-MLP,coef(a)_Acu-6am-MLP,rsquared_Acu-6am-MLP,Standard Error_Acu-6am-MLP,coef(b)_Acu-6am-MLP,coef(a)_6am-Beysens,rsquared_6am-Beysens,Standard Error_6am-Beysens,coef(b)_6am-Beysens,coef(a)_Acu-6am-Beysens,rsquared_Acu-6am-Beysens,Standard Error_Acu-6am-Beysens,coef(b)_Acu-6am-Beysens,coef(a)_Beysens-PM,rsquared_Beysens-PM,Standard Error_Beysens-PM,coef(b)_Beysens-PM,coef(a)_Acu-Beysens-PM,rsquared_Acu-Beysens-PM,Standard Error_Acu-Beysens-PM,coef(b)_Acu-Beysens-PM,coef(a)_MLP-PM,rsquared_MLP-PM,Standard Error_MLP-PM,coef(b)_MLP-PM,coef(a)_Acu-MLP-PM,rsquared_Acu-MLP-PM,Standard Error_Acu-MLP-PM,coef(b)_Acu-MLP-PM
0,119.0,0.43402680229937524,0.4360397589178837,0.04468871353552784,0.02181999244170687,1.1029951844979669,0.9901352983594034,0.009967549648656326,0.31749400547603657,0.630410770019566,0.34327041103029954,0.0789439432604244,0.01758031239015964,1.245478718911165,0.9867326355935184,0.013075219208083445,0.0945477702982492,-0.00157972067144553,0.012314644380644335,0.0012808514245519534,0.003858948719047024,0.037725827337754904,0.37526036098238325,0.004406989771906178,0.11079452949494625,0.23000483726135623,0.1905406717849022,0.04292009984354503,0.022333176924975433,0.9667486768080846,0.9817665071052424,0.011927914036290139,0.3291276813278153
