,Pruebas,coef(a)_6am-MLP,rsquared_6am-MLP,Standard Error_6am-MLP,coef(b)_6am-MLP,coef(a)_Acu-6am-MLP,rsquared_Acu-6am-MLP,Standard Error_Acu-6am-MLP,coef(b)_Acu-6am-MLP,coef(a)_6am-Beysens,rsquared_6am-Beysens,Standard Error_6am-Beysens,coef(b)_6am-Beysens,coef(a)_Acu-6am-Beysens,rsquared_Acu-6am-Beysens,Standard Error_Acu-6am-Beysens,coef(b)_Acu-6am-Beysens,coef(a)_Beysens-PM,rsquared_Beysens-PM,Standard Error_Beysens-PM,coef(b)_Beysens-PM,coef(a)_Acu-Beysens-PM,rsquared_Acu-Beysens-PM,Standard Error_Acu-Beysens-PM,coef(b)_Acu-Beysens-PM,coef(a)_MLP-PM,rsquared_MLP-PM,Standard Error_MLP-PM,coef(b)_MLP-PM,coef(a)_Acu-MLP-PM,rsquared_Acu-MLP-PM,Standard Error_Acu-MLP-PM,coef(b)_Acu-MLP-PM
0,119.0,0.42842394404533574,0.2524501360726855,0.06674612615403824,0.022611694426760563,1.3671108467955666,0.9834317215145278,0.01606535772738024,-0.0928110241266338,0.5286265784998825,0.20011113060913577,0.09568597435084344,0.020095467697656876,1.3811462506742327,0.9823699965618075,0.01675129577826187,-0.05506284642629512,-5.536575920989215e-05,2.6382926493484504e-06,0.0030860239173843814,0.006289427612064061,0.3113146112325388,0.9550088505285855,0.006117576871930393,-0.06394513223723405,0.34608621421175556,0.13244358166376746,0.08019326247646529,0.03107671479607383,1.7012847860542921,0.9899322421835773,0.015533193361413069,-0.07460851818093034
