,Pruebas,coef(a)_6am-MLP,rsquared_6am-MLP,Standard Error_6am-MLP,coef(b)_6am-MLP,coef(a)_Acu-6am-MLP,rsquared_Acu-6am-MLP,Standard Error_Acu-6am-MLP,coef(b)_Acu-6am-MLP,coef(a)_6am-Beysens,rsquared_6am-Beysens,Standard Error_6am-Beysens,coef(b)_6am-Beysens,coef(a)_Acu-6am-Beysens,rsquared_Acu-6am-Beysens,Standard Error_Acu-6am-Beysens,coef(b)_Acu-6am-Beysens,coef(a)_Beysens-PM,rsquared_Beysens-PM,Standard Error_Beysens-PM,coef(b)_Beysens-PM,coef(a)_Acu-Beysens-PM,rsquared_Acu-Beysens-PM,Standard Error_Acu-Beysens-PM,coef(b)_Acu-Beysens-PM,coef(a)_MLP-PM,rsquared_MLP-PM,Standard Error_MLP-PM,coef(b)_MLP-PM,coef(a)_Acu-MLP-PM,rsquared_Acu-MLP-PM,Standard Error_Acu-MLP-PM,coef(b)_Acu-MLP-PM
0,9.0,0.310430928343671,0.2975873872631233,0.04317913701357212,0.03296212392039102,1.4653090160964048,0.9539396443982706,0.029150935838819857,0.04570539832609456,0.5923472746167782,0.2982065747240157,0.08227019367861484,0.014482584521546545,1.154610005524776,0.951134574082236,0.023693829622101075,0.10609412918266262,-0.0003331061780906257,0.009270743769589918,0.00031176185525468166,0.0011199316630287341,0.01664159837023213,0.5393937122035656,0.001392281692600112,0.01251713126122347,0.12185358715207478,0.11110842684423483,0.031203934374623595,0.0257175471585785,0.9961040321997007,0.9672561293459842,0.016592775857688268,-0.12698254931074848
