,Pruebas,coef(a)_6am-MLP,rsquared_6am-MLP,Standard Error_6am-MLP,coef(b)_6am-MLP,coef(a)_Acu-6am-MLP,rsquared_Acu-6am-MLP,Standard Error_Acu-6am-MLP,coef(b)_Acu-6am-MLP,coef(a)_6am-Beysens,rsquared_6am-Beysens,Standard Error_6am-Beysens,coef(b)_6am-Beysens,coef(a)_Acu-6am-Beysens,rsquared_Acu-6am-Beysens,Standard Error_Acu-6am-Beysens,coef(b)_Acu-6am-Beysens,coef(a)_Beysens-PM,rsquared_Beysens-PM,Standard Error_Beysens-PM,coef(b)_Beysens-PM,coef(a)_Acu-Beysens-PM,rsquared_Acu-Beysens-PM,Standard Error_Acu-Beysens-PM,coef(b)_Acu-Beysens-PM,coef(a)_MLP-PM,rsquared_MLP-PM,Standard Error_MLP-PM,coef(b)_MLP-PM,coef(a)_Acu-MLP-PM,rsquared_Acu-MLP-PM,Standard Error_Acu-MLP-PM,coef(b)_Acu-MLP-PM
0,5.0,0.3703547955736023,0.4168807726434368,0.0396561740845295,0.019143558338553343,1.0079528626026075,0.9906078072027498,0.008885726357912821,-0.0963193558264592,0.7547430673364814,0.4254214005681367,0.07941165988167793,0.014006400965159031,1.327729774273052,0.9795194618201533,0.0173817671110569,-0.32978911994375926,0.00019881567463967174,0.00011333955563985754,0.0016906563510928547,0.002712153724814299,0.13878617153005582,0.9136975082725408,0.0038616839537702445,-0.0746320023836067,0.269736859843713,0.22337985731407728,0.04553471902726079,0.026249599044355615,1.250187835311698,0.9888114390171507,0.012039978965993351,-0.1958388183978969
