,Pruebas,coef(a)_6am-MLP,rsquared_6am-MLP,Standard Error_6am-MLP,coef(b)_6am-MLP,coef(a)_Acu-6am-MLP,rsquared_Acu-6am-MLP,Standard Error_Acu-6am-MLP,coef(b)_Acu-6am-MLP,coef(a)_6am-Beysens,rsquared_6am-Beysens,Standard Error_6am-Beysens,coef(b)_6am-Beysens,coef(a)_Acu-6am-Beysens,rsquared_Acu-6am-Beysens,Standard Error_Acu-6am-Beysens,coef(b)_Acu-6am-Beysens,coef(a)_Beysens-PM,rsquared_Beysens-PM,Standard Error_Beysens-PM,coef(b)_Beysens-PM,coef(a)_Acu-Beysens-PM,rsquared_Acu-Beysens-PM,Standard Error_Acu-Beysens-PM,coef(b)_Acu-Beysens-PM,coef(a)_MLP-PM,rsquared_MLP-PM,Standard Error_MLP-PM,coef(b)_MLP-PM,coef(a)_Acu-MLP-PM,rsquared_Acu-MLP-PM,Standard Error_Acu-MLP-PM,coef(b)_Acu-MLP-PM
0,119.0,0.5347101637667752,0.33675494941208517,0.0679389045029378,0.02446848205656306,1.4012488477178677,0.9861563708921438,0.015030984919251613,-0.15744200488097893,0.7738701513388773,0.35824535648784905,0.09377399223188085,0.014667144532006652,1.2347667964315945,0.9819138591826448,0.015171945927218867,0.03678002005522765,0.0011718271599540303,0.005403433207355146,0.0014393692766930973,0.0005795508918820465,0.11299917680323102,0.8517089215269439,0.004268814449527274,-0.07803560234074615,0.25361918424121954,0.1701405233051232,0.050710810504554074,0.027190568981940062,1.2396072650267977,0.982429905947791,0.01500860941450791,-0.07848945481657563
