,Pruebas,coef(a)_6am-MLP,rsquared_6am-MLP,Standard Error_6am-MLP,coef(b)_6am-MLP,coef(a)_Acu-6am-MLP,rsquared_Acu-6am-MLP,Standard Error_Acu-6am-MLP,coef(b)_Acu-6am-MLP,coef(a)_6am-Beysens,rsquared_6am-Beysens,Standard Error_6am-Beysens,coef(b)_6am-Beysens,coef(a)_Acu-6am-Beysens,rsquared_Acu-6am-Beysens,Standard Error_Acu-6am-Beysens,coef(b)_Acu-6am-Beysens,coef(a)_Beysens-PM,rsquared_Beysens-PM,Standard Error_Beysens-PM,coef(b)_Beysens-PM,coef(a)_Acu-Beysens-PM,rsquared_Acu-Beysens-PM,Standard Error_Acu-Beysens-PM,coef(b)_Acu-Beysens-PM,coef(a)_MLP-PM,rsquared_MLP-PM,Standard Error_MLP-PM,coef(b)_MLP-PM,coef(a)_Acu-MLP-PM,rsquared_Acu-MLP-PM,Standard Error_Acu-MLP-PM,coef(b)_Acu-MLP-PM
0,1.0,0.40660230083310467,0.31629322157260853,0.05412275941291993,0.024662379316317973,1.5056512410134566,0.9871746820059372,0.015537514169313761,-0.2629192532224136,0.7853808536935454,0.42924366616069876,0.08199244107791398,0.012730687301347625,1.3266445295608245,0.9807289576832241,0.016836536583953843,-0.10589014775917938,-0.0004978512692893902,0.005093658672806312,0.0006299352091134041,0.001880039916713653,0.055710539965396946,0.834719595942363,0.002244387446159806,0.0010640826553082992,0.18635902754891343,0.25111109446247915,0.029137096028486884,0.027193283199767347,1.237133030818167,0.9932149587650061,0.00925744424034538,0.08268995424573972
