,Pruebas,coef(a)_6am-MLP,rsquared_6am-MLP,Standard Error_6am-MLP,coef(b)_6am-MLP,coef(a)_Acu-6am-MLP,rsquared_Acu-6am-MLP,Standard Error_Acu-6am-MLP,coef(b)_Acu-6am-MLP,coef(a)_6am-Beysens,rsquared_6am-Beysens,Standard Error_6am-Beysens,coef(b)_6am-Beysens,coef(a)_Acu-6am-Beysens,rsquared_Acu-6am-Beysens,Standard Error_Acu-6am-Beysens,coef(b)_Acu-6am-Beysens,coef(a)_Beysens-PM,rsquared_Beysens-PM,Standard Error_Beysens-PM,coef(b)_Beysens-PM,coef(a)_Acu-Beysens-PM,rsquared_Acu-Beysens-PM,Standard Error_Acu-Beysens-PM,coef(b)_Acu-Beysens-PM,coef(a)_MLP-PM,rsquared_MLP-PM,Standard Error_MLP-PM,coef(b)_MLP-PM,coef(a)_Acu-MLP-PM,rsquared_Acu-MLP-PM,Standard Error_Acu-MLP-PM,coef(b)_Acu-MLP-PM
0,119.0,0.539152567619856,0.2112500158608348,0.09431984227043536,0.02521268035011756,1.3906547699879352,0.9904652545435318,0.012353054102491892,0.20325974956580922,0.6416511286990226,0.2532010758779738,0.09976727624333548,0.023046497709264167,1.5362060031323874,0.9863863751064273,0.016339279435978904,-0.14890699265044138,0.0040391106725217955,0.04203247090514528,0.0017457770162874785,-0.002416027179518422,0.05348444809876209,0.5285647923041008,0.004573087323525005,-0.02498752127133576,0.38200578001976315,0.2182523611836722,0.06545515317962827,0.021849969146866544,1.0761560590196262,0.9878876152332435,0.010788384044564007,0.31095703782861106
