,Pruebas,coef(a)_6am-MLP,rsquared_6am-MLP,Standard Error_6am-MLP,coef(b)_6am-MLP,coef(a)_Acu-6am-MLP,rsquared_Acu-6am-MLP,Standard Error_Acu-6am-MLP,coef(b)_Acu-6am-MLP,coef(a)_6am-Beysens,rsquared_6am-Beysens,Standard Error_6am-Beysens,coef(b)_6am-Beysens,coef(a)_Acu-6am-Beysens,rsquared_Acu-6am-Beysens,Standard Error_Acu-6am-Beysens,coef(b)_Acu-6am-Beysens,coef(a)_Beysens-PM,rsquared_Beysens-PM,Standard Error_Beysens-PM,coef(b)_Beysens-PM,coef(a)_Acu-Beysens-PM,rsquared_Acu-Beysens-PM,Standard Error_Acu-Beysens-PM,coef(b)_Acu-Beysens-PM,coef(a)_MLP-PM,rsquared_MLP-PM,Standard Error_MLP-PM,coef(b)_MLP-PM,coef(a)_Acu-MLP-PM,rsquared_Acu-MLP-PM,Standard Error_Acu-MLP-PM,coef(b)_Acu-MLP-PM
0,6.0,0.7073941006755444,0.5235237750981515,0.061098974128869644,0.009002945077437624,1.0243035771423883,0.9886101315142911,0.009953953350062626,-0.11802604010744233,0.5632704926683031,0.33265630149141456,0.07222939717968997,0.010874971344282081,0.9274974566567049,0.9866143949884676,0.009780883610587845,-0.10240011753602482,-0.0006072944947981768,0.0021833896609423364,0.0011753823604602738,0.0033117711506654495,0.04980094786392993,0.6654279371023244,0.003197069044025871,0.051789290798960996,0.3890399192674873,0.32353486888078964,0.05093032439171434,0.02418316234989145,1.2795337379703255,0.9706311722512835,0.020150601519567886,-0.5048159726542726
