,Pruebas,coef(a)_6am-MLP,rsquared_6am-MLP,Standard Error_6am-MLP,coef(b)_6am-MLP,coef(a)_Acu-6am-MLP,rsquared_Acu-6am-MLP,Standard Error_Acu-6am-MLP,coef(b)_Acu-6am-MLP,coef(a)_6am-Beysens,rsquared_6am-Beysens,Standard Error_6am-Beysens,coef(b)_6am-Beysens,coef(a)_Acu-6am-Beysens,rsquared_Acu-6am-Beysens,Standard Error_Acu-6am-Beysens,coef(b)_Acu-6am-Beysens,coef(a)_Beysens-PM,rsquared_Beysens-PM,Standard Error_Beysens-PM,coef(b)_Beysens-PM,coef(a)_Acu-Beysens-PM,rsquared_Acu-Beysens-PM,Standard Error_Acu-Beysens-PM,coef(b)_Acu-Beysens-PM,coef(a)_MLP-PM,rsquared_MLP-PM,Standard Error_MLP-PM,coef(b)_MLP-PM,coef(a)_Acu-MLP-PM,rsquared_Acu-MLP-PM,Standard Error_Acu-MLP-PM,coef(b)_Acu-MLP-PM
0,4.0,0.2709975823508622,0.3283638020660222,0.03508931467411449,0.02231373143601141,0.993100806595826,0.9660329882845742,0.016859555098445382,-0.10462889418500915,0.7139161268938978,0.4764323541346358,0.06775682613615046,0.015396593899564565,1.232198549880899,0.9869438107351394,0.012831067291924373,-0.16060218028138046,-4.270475403586686e-05,1.0961501090256398e-05,0.0011677743008423457,0.0022141557234088794,0.08102032627468186,0.9033052706530719,0.002399927937498842,-0.035228492596595454,0.2525293889317971,0.3052377226150188,0.03449300430000479,0.026861425142674096,1.0780421255695671,0.9642404621516557,0.018795725256369324,0.000883246138221605
