,Pruebas,coef(a)_6am-MLP,rsquared_6am-MLP,Standard Error_6am-MLP,coef(b)_6am-MLP,coef(a)_Acu-6am-MLP,rsquared_Acu-6am-MLP,Standard Error_Acu-6am-MLP,coef(b)_Acu-6am-MLP,coef(a)_6am-Beysens,rsquared_6am-Beysens,Standard Error_6am-Beysens,coef(b)_6am-Beysens,coef(a)_Acu-6am-Beysens,rsquared_Acu-6am-Beysens,Standard Error_Acu-6am-Beysens,coef(b)_Acu-6am-Beysens,coef(a)_Beysens-PM,rsquared_Beysens-PM,Standard Error_Beysens-PM,coef(b)_Beysens-PM,coef(a)_Acu-Beysens-PM,rsquared_Acu-Beysens-PM,Standard Error_Acu-Beysens-PM,coef(b)_Acu-Beysens-PM,coef(a)_MLP-PM,rsquared_MLP-PM,Standard Error_MLP-PM,coef(b)_MLP-PM,coef(a)_Acu-MLP-PM,rsquared_Acu-MLP-PM,Standard Error_Acu-MLP-PM,coef(b)_Acu-MLP-PM
0,119.0,0.6942021265914882,0.37932006407113017,0.0803964707165817,0.024187292667076397,1.5059336539739083,0.9830383410383745,0.017909145300633936,-0.1596642274399066,0.8100364397437808,0.4694963037448616,0.07795657660313637,0.014398015616617008,1.3384989711247064,0.972408124342545,0.02041288783144426,-0.39970291410573905,0.003433580647844833,0.02193113808641567,0.0020759718915796337,-0.0032659194179332587,0.09443979072574979,0.5813688506712751,0.007255460653467213,-0.06846771512968652,0.2955786466241262,0.26509602302468016,0.0445560671037925,0.01592861993559297,0.833252894903517,0.987335713764013,0.008543874319738142,-0.04062974601379308
