,Pruebas,coef(a)_6am-MLP,rsquared_6am-MLP,Standard Error_6am-MLP,coef(b)_6am-MLP,coef(a)_Acu-6am-MLP,rsquared_Acu-6am-MLP,Standard Error_Acu-6am-MLP,coef(b)_Acu-6am-MLP,coef(a)_6am-Beysens,rsquared_6am-Beysens,Standard Error_6am-Beysens,coef(b)_6am-Beysens,coef(a)_Acu-6am-Beysens,rsquared_Acu-6am-Beysens,Standard Error_Acu-6am-Beysens,coef(b)_Acu-6am-Beysens,coef(a)_Beysens-PM,rsquared_Beysens-PM,Standard Error_Beysens-PM,coef(b)_Beysens-PM,coef(a)_Acu-Beysens-PM,rsquared_Acu-Beysens-PM,Standard Error_Acu-Beysens-PM,coef(b)_Acu-Beysens-PM,coef(a)_MLP-PM,rsquared_MLP-PM,Standard Error_MLP-PM,coef(b)_MLP-PM,coef(a)_Acu-MLP-PM,rsquared_Acu-MLP-PM,Standard Error_Acu-MLP-PM,coef(b)_Acu-MLP-PM
0,9.0,0.4616712898826166,0.48011451469583843,0.043494504054981176,0.01622712703483744,0.9830767983217665,0.990448718239643,0.008740219976819313,0.08133297652047164,0.9392876972569759,0.6691237780376831,0.0597995982287191,0.007542784045814475,1.1458361006047926,0.9905296142751777,0.010143613370008808,0.08015684735729971,-0.001204603628235773,0.0033718166655885007,0.0018749895745994855,0.006085404732223796,0.1646541619289903,0.9198028276104927,0.004401745767474254,0.019718978471341873,0.3367781176025889,0.35796682274824165,0.04083393877372618,0.020583096982125557,1.052489764576511,0.9857554780226084,0.011454530838098961,0.09598591818308075
