,Pruebas,coef(a)_6am-MLP,rsquared_6am-MLP,Standard Error_6am-MLP,coef(b)_6am-MLP,coef(a)_Acu-6am-MLP,rsquared_Acu-6am-MLP,Standard Error_Acu-6am-MLP,coef(b)_Acu-6am-MLP,coef(a)_6am-Beysens,rsquared_6am-Beysens,Standard Error_6am-Beysens,coef(b)_6am-Beysens,coef(a)_Acu-6am-Beysens,rsquared_Acu-6am-Beysens,Standard Error_Acu-6am-Beysens,coef(b)_Acu-6am-Beysens,coef(a)_Beysens-PM,rsquared_Beysens-PM,Standard Error_Beysens-PM,coef(b)_Beysens-PM,coef(a)_Acu-Beysens-PM,rsquared_Acu-Beysens-PM,Standard Error_Acu-Beysens-PM,coef(b)_Acu-Beysens-PM,coef(a)_MLP-PM,rsquared_MLP-PM,Standard Error_MLP-PM,coef(b)_MLP-PM,coef(a)_Acu-MLP-PM,rsquared_Acu-MLP-PM,Standard Error_Acu-MLP-PM,coef(b)_Acu-MLP-PM
0,119.0,0.408152449260185,0.3840711430232441,0.046795268351334914,0.017313356216389353,1.1496402916663826,0.9580774610368799,0.021772361636574422,-0.04833558264851988,0.4113982634309552,0.1622812489417117,0.08462476708457595,0.011493858584139718,0.8918989795903671,0.9511515854796898,0.01829936921812434,-0.09128153167581439,0.00036764631024078674,0.00046899749316586803,0.0015366082842494255,0.0010882574648096676,0.07868433578692842,0.7609293156112595,0.003993000569199528,-0.022986566202028803,0.2663010676671832,0.14856134113823127,0.05771873068384511,0.03048670063801543,1.4327665362380897,0.9806356670449323,0.01822816464176757,-0.024825879898102005
