,Pruebas,coef(a)_6am-MLP,rsquared_6am-MLP,Standard Error_6am-MLP,coef(b)_6am-MLP,coef(a)_Acu-6am-MLP,rsquared_Acu-6am-MLP,Standard Error_Acu-6am-MLP,coef(b)_Acu-6am-MLP,coef(a)_6am-Beysens,rsquared_6am-Beysens,Standard Error_6am-Beysens,coef(b)_6am-Beysens,coef(a)_Acu-6am-Beysens,rsquared_Acu-6am-Beysens,Standard Error_Acu-6am-Beysens,coef(b)_Acu-6am-Beysens,coef(a)_Beysens-PM,rsquared_Beysens-PM,Standard Error_Beysens-PM,coef(b)_Beysens-PM,coef(a)_Acu-Beysens-PM,rsquared_Acu-Beysens-PM,Standard Error_Acu-Beysens-PM,coef(b)_Acu-Beysens-PM,coef(a)_MLP-PM,rsquared_MLP-PM,Standard Error_MLP-PM,coef(b)_MLP-PM,coef(a)_Acu-MLP-PM,rsquared_Acu-MLP-PM,Standard Error_Acu-MLP-PM,coef(b)_Acu-MLP-PM
0,119.0,0.437322407149799,0.42275011953267216,0.04626598857827107,0.016273022426586903,0.9954386353360163,0.9883595461490521,0.00978052242725037,0.005225117897942236,0.6809478469643537,0.4472913065307663,0.0685309661927355,0.00894508704837745,0.9961166765961604,0.9888504219438329,0.009576222102481984,-0.1478217862645947,0.0007034607259549348,0.012886954367641756,0.0005574016384768364,4.4136833001186975e-05,0.040108888973965605,0.8978283864127553,0.0012249805037659225,-0.01397443319325456,0.2116410900294141,0.2822134372611441,0.03055827706401547,0.028134627686055153,1.1939559485934743,0.9836075213231905,0.013954676752930037,0.18533396205265007
