,Pruebas,coef(a)_6am-MLP,rsquared_6am-MLP,Standard Error_6am-MLP,coef(b)_6am-MLP,coef(a)_Acu-6am-MLP,rsquared_Acu-6am-MLP,Standard Error_Acu-6am-MLP,coef(b)_Acu-6am-MLP,coef(a)_6am-Beysens,rsquared_6am-Beysens,Standard Error_6am-Beysens,coef(b)_6am-Beysens,coef(a)_Acu-6am-Beysens,rsquared_Acu-6am-Beysens,Standard Error_Acu-6am-Beysens,coef(b)_Acu-6am-Beysens,coef(a)_Beysens-PM,rsquared_Beysens-PM,Standard Error_Beysens-PM,coef(b)_Beysens-PM,coef(a)_Acu-Beysens-PM,rsquared_Acu-Beysens-PM,Standard Error_Acu-Beysens-PM,coef(b)_Acu-Beysens-PM,coef(a)_MLP-PM,rsquared_MLP-PM,Standard Error_MLP-PM,coef(b)_MLP-PM,coef(a)_Acu-MLP-PM,rsquared_Acu-MLP-PM,Standard Error_Acu-MLP-PM,coef(b)_Acu-MLP-PM
0,5.0,0.45357196025020696,0.30209521013001495,0.06241549579347443,0.02438222018915736,1.4749995323817793,0.9755926616388992,0.021122139879107663,-0.19825247484793643,0.5984505068511722,0.21425963534880743,0.10375706424746355,0.016748258240199855,1.3216200979828732,0.97262861893652,0.020072503965507586,-0.10437465573341824,-0.0017167054716160663,0.006460071814697654,0.0019274799343973912,0.0059164364725473595,0.1602104035263901,0.7504712105401451,0.008363809077568023,0.03248633335941195,0.29561690694009235,0.24318745006054465,0.04721423336496863,0.02615951275693658,1.3663998651820095,0.9635553464294138,0.02405893928285731,-0.0008856738676587816
