,Pruebas,coef(a)_6am-MLP,rsquared_6am-MLP,Standard Error_6am-MLP,coef(b)_6am-MLP,coef(a)_Acu-6am-MLP,rsquared_Acu-6am-MLP,Standard Error_Acu-6am-MLP,coef(b)_Acu-6am-MLP,coef(a)_6am-Beysens,rsquared_6am-Beysens,Standard Error_6am-Beysens,coef(b)_6am-Beysens,coef(a)_Acu-6am-Beysens,rsquared_Acu-6am-Beysens,Standard Error_Acu-6am-Beysens,coef(b)_Acu-6am-Beysens,coef(a)_Beysens-PM,rsquared_Beysens-PM,Standard Error_Beysens-PM,coef(b)_Beysens-PM,coef(a)_Acu-Beysens-PM,rsquared_Acu-Beysens-PM,Standard Error_Acu-Beysens-PM,coef(b)_Acu-Beysens-PM,coef(a)_MLP-PM,rsquared_MLP-PM,Standard Error_MLP-PM,coef(b)_MLP-PM,coef(a)_Acu-MLP-PM,rsquared_Acu-MLP-PM,Standard Error_Acu-MLP-PM,coef(b)_Acu-MLP-PM
0,5.0,0.4649998639241142,0.486499735994975,0.043251576768531065,0.013266094290077605,0.9831031964609723,0.9783382794171716,0.013244060186319752,0.0060590546978452064,0.8376574115640265,0.6512843150696987,0.05549283999382754,0.010085292382804974,1.2607270167746114,0.9943939973399064,0.008570152442619756,-0.09814604102730581,0.0008103224264678684,0.009052381610981874,0.0007675768455959042,2.9215994064195837e-05,0.05954303701232541,0.9128178763750747,0.0016659912663083167,-0.03587496147179711,0.11722757252391545,0.04803353909560781,0.047248559119493994,0.02986251982448096,1.1152698836195207,0.979444444784761,0.014627656856053134,0.17058810922663475
