,Pruebas,coef(a)_6am-MLP,rsquared_6am-MLP,Standard Error_6am-MLP,coef(b)_6am-MLP,coef(a)_Acu-6am-MLP,rsquared_Acu-6am-MLP,Standard Error_Acu-6am-MLP,coef(b)_Acu-6am-MLP,coef(a)_6am-Beysens,rsquared_6am-Beysens,Standard Error_6am-Beysens,coef(b)_6am-Beysens,coef(a)_Acu-6am-Beysens,rsquared_Acu-6am-Beysens,Standard Error_Acu-6am-Beysens,coef(b)_Acu-6am-Beysens,coef(a)_Beysens-PM,rsquared_Beysens-PM,Standard Error_Beysens-PM,coef(b)_Beysens-PM,coef(a)_Acu-Beysens-PM,rsquared_Acu-Beysens-PM,Standard Error_Acu-Beysens-PM,coef(b)_Acu-Beysens-PM,coef(a)_MLP-PM,rsquared_MLP-PM,Standard Error_MLP-PM,coef(b)_MLP-PM,coef(a)_Acu-MLP-PM,rsquared_Acu-MLP-PM,Standard Error_Acu-MLP-PM,coef(b)_Acu-MLP-PM
0,1.0,0.3372706643508654,0.3292922409360246,0.04357872926966043,0.02384784355466164,1.09121649196309,0.9671219289332462,0.018215603123017853,0.23827458716662925,0.6708719560296375,0.29506481212170454,0.0938805459996601,0.0225391993740258,1.414982315378686,0.9843525418852418,0.016151678523193706,0.22911673322347903,0.00014140794327944606,3.4126730454331344e-05,0.0021914882101722443,0.005402842417500606,0.19884187245691837,0.892268604756808,0.006255344966688301,0.05719823762175012,0.28560475432835974,0.21303478674999177,0.0496978976356788,0.02873848828875241,1.1926027464419684,0.9606185325300417,0.021861822059192917,0.3843661794588794
