,Pruebas,coef(a)_LM-PD,rsquared_LM-PD,Standard Error_LM-PD,coef(b)_LM-PD,coef(a)_Acu-LM-PD,rsquared_Acu-LM-PD,Standard Error_Acu-LM-PD,coef(b)_Acu-LM-PD,coef(a)LM-6AM,rsquaredLM-6AM,Standard ErrorLM-6AM,coef(b)LM-6AM,coef(a)_Acu-LM-6AM,rsquared_Acu-LM-6AM,Standard Error_Acu-LM-6AM,coef(b)_Acu-LM-6AM
0,10.0,0.4949622681508766,0.29627176431438096,0.06906364706794464,0.019178190555410903,1.2164465480568287,0.9834897320636482,0.014269385109508948,0.04311165928338475,0.4484344368539062,0.2816961665080031,0.06483099281154064,0.021579096844262687,1.213743878721759,0.9828335791251224,0.014522688523375534,-0.06798235889098529
