,Pruebas,coef(a)_6am-MLP,rsquared_6am-MLP,Standard Error_6am-MLP,coef(b)_6am-MLP,coef(a)_Acu-6am-MLP,rsquared_Acu-6am-MLP,Standard Error_Acu-6am-MLP,coef(b)_Acu-6am-MLP,coef(a)_6am-Beysens,rsquared_6am-Beysens,Standard Error_6am-Beysens,coef(b)_6am-Beysens,coef(a)_Acu-6am-Beysens,rsquared_Acu-6am-Beysens,Standard Error_Acu-6am-Beysens,coef(b)_Acu-6am-Beysens,coef(a)_Beysens-PM,rsquared_Beysens-PM,Standard Error_Beysens-PM,coef(b)_Beysens-PM,coef(a)_Acu-Beysens-PM,rsquared_Acu-Beysens-PM,Standard Error_Acu-Beysens-PM,coef(b)_Acu-Beysens-PM,coef(a)_MLP-PM,rsquared_MLP-PM,Standard Error_MLP-PM,coef(b)_MLP-PM,coef(a)_Acu-MLP-PM,rsquared_Acu-MLP-PM,Standard Error_Acu-MLP-PM,coef(b)_Acu-MLP-PM
0,9.0,0.36019486926377503,0.41263915056903455,0.03890674249734659,0.018672663897420512,0.9379000495927889,0.9916719497160148,0.0077815174787321875,-0.08242853454545737,0.5279027718344218,0.3107512446422155,0.07117960667957564,0.014774882290994008,0.9440922707614963,0.9823616027961085,0.011453240925210374,-0.12005696665123289,0.0007847860804302386,0.007496773153150116,0.0008175233297701678,-0.00026929002417924947,0.044899674098633616,0.7553745460397383,0.002313305138587397,-0.04042919030551539,0.12200108340284807,0.108488485328598,0.031663249687692865,0.029386793428638876,1.1449196630337135,0.9732850273573033,0.01717324808394869,-0.07399003073374946
