,Pruebas,coef(a)_6am-MLP,rsquared_6am-MLP,Standard Error_6am-MLP,coef(b)_6am-MLP,coef(a)_Acu-6am-MLP,rsquared_Acu-6am-MLP,Standard Error_Acu-6am-MLP,coef(b)_Acu-6am-MLP,coef(a)_6am-Beysens,rsquared_6am-Beysens,Standard Error_6am-Beysens,coef(b)_6am-Beysens,coef(a)_Acu-6am-Beysens,rsquared_Acu-6am-Beysens,Standard Error_Acu-6am-Beysens,coef(b)_Acu-6am-Beysens,coef(a)_Beysens-PM,rsquared_Beysens-PM,Standard Error_Beysens-PM,coef(b)_Beysens-PM,coef(a)_Acu-Beysens-PM,rsquared_Acu-Beysens-PM,Standard Error_Acu-Beysens-PM,coef(b)_Acu-Beysens-PM,coef(a)_MLP-PM,rsquared_MLP-PM,Standard Error_MLP-PM,coef(b)_MLP-PM,coef(a)_Acu-MLP-PM,rsquared_Acu-MLP-PM,Standard Error_Acu-MLP-PM,coef(b)_Acu-MLP-PM
0,6.0,0.43810045956687405,0.4460792558836325,0.04419891627586568,0.022874596312201862,1.133844941469525,0.9807379500608335,0.014386280158010514,0.08849909679456021,0.9851488011883301,0.5659505011078657,0.07810922397233303,0.010867375445306988,1.3054960497796704,0.991596532669939,0.010880714249950223,-0.03405843162051901,0.004142887195489686,0.03401695557611106,0.0019987580378784636,-0.003478886811976714,0.13339747995172177,0.7900967876175774,0.006224967731135061,-0.12830955801031776,0.2978180268379447,0.2585720791642949,0.04565777632672464,0.02829475601634494,1.2589460109408432,0.9859997947142376,0.013581757749237132,-0.1589801106337035
