,Pruebas,coef(a)_6am-MLP,rsquared_6am-MLP,Standard Error_6am-MLP,coef(b)_6am-MLP,coef(a)_Acu-6am-MLP,rsquared_Acu-6am-MLP,Standard Error_Acu-6am-MLP,coef(b)_Acu-6am-MLP,coef(a)_6am-Beysens,rsquared_6am-Beysens,Standard Error_6am-Beysens,coef(b)_6am-Beysens,coef(a)_Acu-6am-Beysens,rsquared_Acu-6am-Beysens,Standard Error_Acu-6am-Beysens,coef(b)_Acu-6am-Beysens,coef(a)_Beysens-PM,rsquared_Beysens-PM,Standard Error_Beysens-PM,coef(b)_Beysens-PM,coef(a)_Acu-Beysens-PM,rsquared_Acu-Beysens-PM,Standard Error_Acu-Beysens-PM,coef(b)_Acu-Beysens-PM,coef(a)_MLP-PM,rsquared_MLP-PM,Standard Error_MLP-PM,coef(b)_MLP-PM,coef(a)_Acu-MLP-PM,rsquared_Acu-MLP-PM,Standard Error_Acu-MLP-PM,coef(b)_Acu-MLP-PM
0,4.0,0.5952556802549979,0.3219305030060339,0.07821313408482036,0.022654475086473204,1.3040800642214898,0.9878403433821427,0.013099104813336987,0.0978245605673175,0.6341042298399691,0.33588244681871793,0.08072528004465584,0.016172314681673308,1.1196069290489563,0.9891599296348352,0.010611296638446841,0.011529339997418321,0.0018208926609929745,0.00516377072046581,0.0022882145942543443,0.002079555235324106,0.19148851333055597,0.9031871187721848,0.005675975565145549,-0.0860702095363419,0.27666635793403854,0.11085050176478906,0.07094063996219281,0.025917627584223734,1.1485032323714481,0.9659272459688459,0.019529167150132212,-0.12632636884296533
