,Pruebas,coef(a)_6am-MLP,rsquared_6am-MLP,Standard Error_6am-MLP,coef(b)_6am-MLP,coef(a)_Acu-6am-MLP,rsquared_Acu-6am-MLP,Standard Error_Acu-6am-MLP,coef(b)_Acu-6am-MLP,coef(a)_6am-Beysens,rsquared_6am-Beysens,Standard Error_6am-Beysens,coef(b)_6am-Beysens,coef(a)_Acu-6am-Beysens,rsquared_Acu-6am-Beysens,Standard Error_Acu-6am-Beysens,coef(b)_Acu-6am-Beysens,coef(a)_Beysens-PM,rsquared_Beysens-PM,Standard Error_Beysens-PM,coef(b)_Beysens-PM,coef(a)_Acu-Beysens-PM,rsquared_Acu-Beysens-PM,Standard Error_Acu-Beysens-PM,coef(b)_Acu-Beysens-PM,coef(a)_MLP-PM,rsquared_MLP-PM,Standard Error_MLP-PM,coef(b)_MLP-PM,coef(a)_Acu-MLP-PM,rsquared_Acu-MLP-PM,Standard Error_Acu-MLP-PM,coef(b)_Acu-MLP-PM
0,7.0,0.48366421601477905,0.4313587842773734,0.05027636677617236,0.02451123671789314,1.365263396806938,0.9764776274783107,0.019184299471951445,0.09160865939343885,0.7739337277801743,0.43554731066651,0.07976639470728965,0.011531966526063506,1.1906597102995602,0.985290022439244,0.013171392918791906,-0.1548555855014856,0.0008999786798250584,0.012471470066241275,0.0007250505849905739,-0.00028901971085273676,0.03692062959179649,0.7775666167849327,0.0017878058881236319,-0.014694520076000389,0.2654348926231349,0.2641571826330834,0.04010877367595514,0.028942503427036935,1.2586414006975677,0.9687439307128428,0.020468441725467405,0.14508807885198963
