,Pruebas,coef(a)_LM-PD,rsquared_LM-PD,Standard Error_LM-PD,coef(b)_LM-PD,coef(a)_Acu-LM-PD,rsquared_Acu-LM-PD,Standard Error_Acu-LM-PD,coef(b)_Acu-LM-PD,coef(a)LM-6AM,rsquaredLM-6AM,Standard ErrorLM-6AM,coef(b)LM-6AM,coef(a)_Acu-LM-6AM,rsquared_Acu-LM-6AM,Standard Error_Acu-LM-6AM,coef(b)_Acu-LM-6AM
0,5.0,0.3428301184275666,0.22591537870439715,0.057454019670033656,0.049075787241033536,2.1676694442138107,0.9905873262910382,0.01913036511526676,-0.11687665240970099,0.4513863559971948,0.3158132964885342,0.06015069465188001,0.017715878364605225,1.0370174286016862,0.9856859641715942,0.011314045041011881,-0.002664747438135634
