,Pruebas,coef(a)_6am-MLP,rsquared_6am-MLP,Standard Error_6am-MLP,coef(b)_6am-MLP,coef(a)_Acu-6am-MLP,rsquared_Acu-6am-MLP,Standard Error_Acu-6am-MLP,coef(b)_Acu-6am-MLP,coef(a)_6am-Beysens,rsquared_6am-Beysens,Standard Error_6am-Beysens,coef(b)_6am-Beysens,coef(a)_Acu-6am-Beysens,rsquared_Acu-6am-Beysens,Standard Error_Acu-6am-Beysens,coef(b)_Acu-6am-Beysens,coef(a)_Beysens-PM,rsquared_Beysens-PM,Standard Error_Beysens-PM,coef(b)_Beysens-PM,coef(a)_Acu-Beysens-PM,rsquared_Acu-Beysens-PM,Standard Error_Acu-Beysens-PM,coef(b)_Acu-Beysens-PM,coef(a)_MLP-PM,rsquared_MLP-PM,Standard Error_MLP-PM,coef(b)_MLP-PM,coef(a)_Acu-MLP-PM,rsquared_Acu-MLP-PM,Standard Error_Acu-MLP-PM,coef(b)_Acu-MLP-PM
0,3.0,0.5995899096651482,0.4483487311027662,0.06021417489179378,0.021670347505731026,1.517923630992447,0.9791701193395206,0.020043996627478695,0.17674713277574228,0.8431197739181165,0.3548443264345499,0.10292542933886914,0.011661088105658968,1.4085148103823761,0.9923663699193395,0.011184357454899008,-0.19036253856167434,0.004616824624752181,0.028399717336503816,0.0024448390283874424,-0.002016266340652822,0.1543745268449124,0.6989550147499068,0.009172480775565253,-0.07945493934329098,0.41932126276190707,0.22195878744193775,0.07107749883781647,0.029273812870425672,1.5917644478070803,0.9796552089056766,0.020767722684092955,0.24305506237055896
