,Pruebas,coef(a)_6am-MLP,rsquared_6am-MLP,Standard Error_6am-MLP,coef(b)_6am-MLP,coef(a)_Acu-6am-MLP,rsquared_Acu-6am-MLP,Standard Error_Acu-6am-MLP,coef(b)_Acu-6am-MLP,coef(a)_6am-Beysens,rsquared_6am-Beysens,Standard Error_6am-Beysens,coef(b)_6am-Beysens,coef(a)_Acu-6am-Beysens,rsquared_Acu-6am-Beysens,Standard Error_Acu-6am-Beysens,coef(b)_Acu-6am-Beysens,coef(a)_Beysens-PM,rsquared_Beysens-PM,Standard Error_Beysens-PM,coef(b)_Beysens-PM,coef(a)_Acu-Beysens-PM,rsquared_Acu-Beysens-PM,Standard Error_Acu-Beysens-PM,coef(b)_Acu-Beysens-PM,coef(a)_MLP-PM,rsquared_MLP-PM,Standard Error_MLP-PM,coef(b)_MLP-PM,coef(a)_Acu-MLP-PM,rsquared_Acu-MLP-PM,Standard Error_Acu-MLP-PM,coef(b)_Acu-MLP-PM
0,8.0,0.3858964382324716,0.520826600558034,0.03351124843566247,0.02107506268858638,0.9901311629061855,0.9733588507949162,0.014830397770210885,-0.33173648487850427,0.5848816902392093,0.3561324734604343,0.07120009672139663,0.01305961735316379,0.961787749836057,0.9708719622143767,0.015082521771554268,-0.20920024897248468,-0.0009398329997597119,0.0033236762860855418,0.0014734604605090235,0.005261602763774232,0.11350041685245323,0.9213855061254302,0.0030015678464711776,-0.024164831458101048,0.2524727664849358,0.2920609874453197,0.03558736153427552,0.02391325412767508,1.0045529453575415,0.9757097766896242,0.014349882402097992,-0.2753452031799687
