,Pruebas,coef(a)_6am-MLP,rsquared_6am-MLP,Standard Error_6am-MLP,coef(b)_6am-MLP,coef(a)_Acu-6am-MLP,rsquared_Acu-6am-MLP,Standard Error_Acu-6am-MLP,coef(b)_Acu-6am-MLP,coef(a)_6am-Beysens,rsquared_6am-Beysens,Standard Error_6am-Beysens,coef(b)_6am-Beysens,coef(a)_Acu-6am-Beysens,rsquared_Acu-6am-Beysens,Standard Error_Acu-6am-Beysens,coef(b)_Acu-6am-Beysens,coef(a)_Beysens-PM,rsquared_Beysens-PM,Standard Error_Beysens-PM,coef(b)_Beysens-PM,coef(a)_Acu-Beysens-PM,rsquared_Acu-Beysens-PM,Standard Error_Acu-Beysens-PM,coef(b)_Acu-Beysens-PM,coef(a)_MLP-PM,rsquared_MLP-PM,Standard Error_MLP-PM,coef(b)_MLP-PM,coef(a)_Acu-MLP-PM,rsquared_Acu-MLP-PM,Standard Error_Acu-MLP-PM,coef(b)_Acu-MLP-PM
0,3.0,0.29849825424263193,0.2753220269654497,0.04384437947490539,0.019291970629088162,0.824204969377049,0.9668207202854824,0.013823429945932915,0.440429034160457,0.550818934179782,0.32509665908030894,0.0718527643245568,0.013523997059358764,0.9371202837687352,0.9409922878013434,0.02124598053488486,0.5920800719473261,-0.0031648207537653354,0.0362551871207758,0.0014772879448258886,0.01014941021421004,0.09084760780228837,0.6697638903996569,0.005775438926020736,0.1801633947113131,0.14236103541033845,0.14129662951787814,0.03177363104448534,0.021111113986667675,0.7192467112295704,0.9856886342528584,0.00784636733014378,0.24936567814333033
