,Pruebas,coef(a)_LM-PD,rsquared_LM-PD,Standard Error_LM-PD,coef(b)_LM-PD,coef(a)_Acu-LM-PD,rsquared_Acu-LM-PD,Standard Error_Acu-LM-PD,coef(b)_Acu-LM-PD,coef(a)LM-6AM,rsquaredLM-6AM,Standard ErrorLM-6AM,coef(b)LM-6AM,coef(a)_Acu-LM-6AM,rsquared_Acu-LM-6AM,Standard Error_Acu-LM-6AM,coef(b)_Acu-LM-6AM
0,2.0,0.36249713897992375,0.2432161766139055,0.057891441213318504,0.035582410997206784,1.7039021100681484,0.9937784610163425,0.012205873005548823,0.00013055186889669723,0.32248899526953856,0.29941106942970397,0.04466143285350932,0.017233280960634603,0.9341173585172362,0.9824543851115195,0.011301852252980978,-0.10359982418154412
