,Pruebas,coef(a)_6am-MLP,rsquared_6am-MLP,Standard Error_6am-MLP,coef(b)_6am-MLP,coef(a)_Acu-6am-MLP,rsquared_Acu-6am-MLP,Standard Error_Acu-6am-MLP,coef(b)_Acu-6am-MLP,coef(a)_6am-Beysens,rsquared_6am-Beysens,Standard Error_6am-Beysens,coef(b)_6am-Beysens,coef(a)_Acu-6am-Beysens,rsquared_Acu-6am-Beysens,Standard Error_Acu-6am-Beysens,coef(b)_Acu-6am-Beysens,coef(a)_Beysens-PM,rsquared_Beysens-PM,Standard Error_Beysens-PM,coef(b)_Beysens-PM,coef(a)_Acu-Beysens-PM,rsquared_Acu-Beysens-PM,Standard Error_Acu-Beysens-PM,coef(b)_Acu-Beysens-PM,coef(a)_MLP-PM,rsquared_MLP-PM,Standard Error_MLP-PM,coef(b)_MLP-PM,coef(a)_Acu-MLP-PM,rsquared_Acu-MLP-PM,Standard Error_Acu-MLP-PM,coef(b)_Acu-MLP-PM
0,119.0,0.5676269781710218,0.3260062590866263,0.07389210585219697,0.023932259924135973,1.3822872339335022,0.9892766100031395,0.013029434365052784,0.1689971250920133,0.8618051938313543,0.37491644602390717,0.10074673545120148,0.01747969221462345,1.3005810179620347,0.9837287564370873,0.015143636810411481,0.4362270296420491,0.0015608594494570644,0.010099088126129141,0.0013990674860043448,-0.00024341423011426722,0.07265485715411343,0.7465727858369127,0.003832439301873887,-0.02141665980304902,0.41684670584834255,0.3521685101949604,0.051186124771543696,0.025825398969681296,1.4195572847752822,0.9848710810394886,0.015928954189642994,-0.3623095288973639
