,Pruebas,coef(a)_6am-MLP,rsquared_6am-MLP,Standard Error_6am-MLP,coef(b)_6am-MLP,coef(a)_Acu-6am-MLP,rsquared_Acu-6am-MLP,Standard Error_Acu-6am-MLP,coef(b)_Acu-6am-MLP,coef(a)_6am-Beysens,rsquared_6am-Beysens,Standard Error_6am-Beysens,coef(b)_6am-Beysens,coef(a)_Acu-6am-Beysens,rsquared_Acu-6am-Beysens,Standard Error_Acu-6am-Beysens,coef(b)_Acu-6am-Beysens,coef(a)_Beysens-PM,rsquared_Beysens-PM,Standard Error_Beysens-PM,coef(b)_Beysens-PM,coef(a)_Acu-Beysens-PM,rsquared_Acu-Beysens-PM,Standard Error_Acu-Beysens-PM,coef(b)_Acu-Beysens-PM,coef(a)_MLP-PM,rsquared_MLP-PM,Standard Error_MLP-PM,coef(b)_MLP-PM,coef(a)_Acu-MLP-PM,rsquared_Acu-MLP-PM,Standard Error_Acu-MLP-PM,coef(b)_Acu-MLP-PM
0,8.0,0.6265412673310568,0.4088185744758812,0.06821263897794029,0.016495302539790112,1.1188747763293914,0.9816686134927649,0.013842571419807494,0.39602409870174715,0.6949651965587689,0.38235072988292673,0.07996927248655429,0.01513557724598059,1.1513968593604518,0.976939599048187,0.016015654650890127,0.36945307979218545,-0.0013307295250649118,0.00631184237707072,0.0015116695394214198,0.006059187105500484,0.12354593849233983,0.9243307395155324,0.0032003288322877137,0.02241796310899705,0.2215078004958014,0.10105679889425445,0.05981256760616889,0.018681981016582173,0.8789440699297899,0.9657914947915605,0.014976374296895384,-0.020660416512367996
