,Pruebas,coef(a)_LM-PD,rsquared_LM-PD,Standard Error_LM-PD,coef(b)_LM-PD,coef(a)_Acu-LM-PD,rsquared_Acu-LM-PD,Standard Error_Acu-LM-PD,coef(b)_Acu-LM-PD,coef(a)LM-6AM,rsquaredLM-6AM,Standard ErrorLM-6AM,coef(b)LM-6AM,coef(a)_Acu-LM-6AM,rsquared_Acu-LM-6AM,Standard Error_Acu-LM-6AM,coef(b)_Acu-LM-6AM
0,1.0,0.4044717796161964,0.3825675914218779,0.04652098531656293,0.036011133068683414,1.7906033214414303,0.9916743993868427,0.014853975602645118,-0.006942779430944096,0.4495206192191575,0.2828032656566858,0.06481069417898253,0.017509396866609232,1.0255613147660299,0.98406777607374,0.011814284073421296,0.01930622771308735
