,Pruebas,coef(a)_6am-MLP,rsquared_6am-MLP,Standard Error_6am-MLP,coef(b)_6am-MLP,coef(a)_Acu-6am-MLP,rsquared_Acu-6am-MLP,Standard Error_Acu-6am-MLP,coef(b)_Acu-6am-MLP,coef(a)_6am-Beysens,rsquared_6am-Beysens,Standard Error_6am-Beysens,coef(b)_6am-Beysens,coef(a)_Acu-6am-Beysens,rsquared_Acu-6am-Beysens,Standard Error_Acu-6am-Beysens,coef(b)_Acu-6am-Beysens,coef(a)_Beysens-PM,rsquared_Beysens-PM,Standard Error_Beysens-PM,coef(b)_Beysens-PM,coef(a)_Acu-Beysens-PM,rsquared_Acu-Beysens-PM,Standard Error_Acu-Beysens-PM,coef(b)_Acu-Beysens-PM,coef(a)_MLP-PM,rsquared_MLP-PM,Standard Error_MLP-PM,coef(b)_MLP-PM,coef(a)_Acu-MLP-PM,rsquared_Acu-MLP-PM,Standard Error_Acu-MLP-PM,coef(b)_Acu-MLP-PM
0,2.0,0.5282726251407899,0.23435945207993547,0.0864468926066178,0.02677416234134828,1.411547567307211,0.9459443387102223,0.03054945055182708,0.6229819062683289,0.5555291214559195,0.18108928993943196,0.10695443733648519,0.021574181353362816,1.260365885592606,0.8980226134782908,0.03845253946862621,0.7861395827428366,-0.0029832506533682187,0.02332095964041525,0.0017478837883766769,0.008484102839915634,0.11156630215765657,0.7312112774143944,0.006124028520495174,0.12709286171638923,0.20662583837669524,0.12111368789179255,0.05039349878895867,0.03203491518130075,1.3440224501844478,0.9855667518551994,0.014725349977648228,0.30732888257167534
