,Pruebas,coef(a)_LM-PD,rsquared_LM-PD,Standard Error_LM-PD,coef(b)_LM-PD,coef(a)_Acu-LM-PD,rsquared_Acu-LM-PD,Standard Error_Acu-LM-PD,coef(b)_Acu-LM-PD,coef(a)LM-6AM,rsquaredLM-6AM,Standard ErrorLM-6AM,coef(b)LM-6AM,coef(a)_Acu-LM-6AM,rsquared_Acu-LM-6AM,Standard Error_Acu-LM-6AM,coef(b)_Acu-LM-6AM
0,9.0,0.45841520115006423,0.3614582370324546,0.05516259301818377,0.03016621419199986,1.6136879011095302,0.9909594296935887,0.013954349770621327,-0.031604698508615886,0.30358655830751835,0.26506678769223446,0.045766623533122414,0.005543182953754559,0.5130831282269422,0.9687048340135246,0.008349312493867144,-0.06495016329310391
