,Pruebas,coef(a)_6am-MLP,rsquared_6am-MLP,Standard Error_6am-MLP,coef(b)_6am-MLP,coef(a)_Acu-6am-MLP,rsquared_Acu-6am-MLP,Standard Error_Acu-6am-MLP,coef(b)_Acu-6am-MLP,coef(a)_6am-Beysens,rsquared_6am-Beysens,Standard Error_6am-Beysens,coef(b)_6am-Beysens,coef(a)_Acu-6am-Beysens,rsquared_Acu-6am-Beysens,Standard Error_Acu-6am-Beysens,coef(b)_Acu-6am-Beysens,coef(a)_Beysens-PM,rsquared_Beysens-PM,Standard Error_Beysens-PM,coef(b)_Beysens-PM,coef(a)_Acu-Beysens-PM,rsquared_Acu-Beysens-PM,Standard Error_Acu-Beysens-PM,coef(b)_Acu-Beysens-PM,coef(a)_MLP-PM,rsquared_MLP-PM,Standard Error_MLP-PM,coef(b)_MLP-PM,coef(a)_Acu-MLP-PM,rsquared_Acu-MLP-PM,Standard Error_Acu-MLP-PM,coef(b)_Acu-MLP-PM
0,4.0,0.35235571519416636,0.3178799661120091,0.046730475135120325,0.02133532940643004,1.0662837782202392,0.9713570989051648,0.016577228724893932,0.04511685823452814,0.8161219102277297,0.606281856110692,0.059542977869474815,0.008439037047668246,1.1457720599893502,0.9873267346342093,0.011752550558840212,-0.13545368478767117,0.0034340886462932685,0.08863762805298303,0.00099693781648639,-0.004307459320145584,0.031235593411836373,0.6384102483965086,0.0021282761445212623,-0.030347118275098808,0.14834072084354635,0.16055345801620624,0.0307091087464494,0.024913623989627813,1.03709826170248,0.9523885030230107,0.020993692859809357,0.07992677323195765
