,Pruebas,coef(a)_6am-MLP,rsquared_6am-MLP,Standard Error_6am-MLP,coef(b)_6am-MLP,coef(a)_Acu-6am-MLP,rsquared_Acu-6am-MLP,Standard Error_Acu-6am-MLP,coef(b)_Acu-6am-MLP,coef(a)_6am-Beysens,rsquared_6am-Beysens,Standard Error_6am-Beysens,coef(b)_6am-Beysens,coef(a)_Acu-6am-Beysens,rsquared_Acu-6am-Beysens,Standard Error_Acu-6am-Beysens,coef(b)_Acu-6am-Beysens,coef(a)_Beysens-PM,rsquared_Beysens-PM,Standard Error_Beysens-PM,coef(b)_Beysens-PM,coef(a)_Acu-Beysens-PM,rsquared_Acu-Beysens-PM,Standard Error_Acu-Beysens-PM,coef(b)_Acu-Beysens-PM,coef(a)_MLP-PM,rsquared_MLP-PM,Standard Error_MLP-PM,coef(b)_MLP-PM,coef(a)_Acu-MLP-PM,rsquared_Acu-MLP-PM,Standard Error_Acu-MLP-PM,coef(b)_Acu-MLP-PM
0,6.0,0.5807812720216269,0.6191707482864894,0.041237527841171934,0.014917773942836377,1.0663604022855644,0.9935466886741564,0.007780746419242556,-0.013579633046890235,0.8449721695871559,0.4541624149251978,0.08386651813257634,0.0058252182092432565,0.963805724529086,0.9897828665060324,0.008865518780584083,0.16968668324750036,0.0002388710214697691,0.012757763416232692,0.00019024276215527224,-0.000281195751222025,0.004760506005581191,0.36067431764933044,0.0005738213039625364,-0.006457677123645946,0.25410612535322574,0.3036507836397755,0.03483866662891547,0.020339209189580675,0.8753675020182825,0.9889315817905894,0.008384364714378714,0.048338082353395775
