,Pruebas,coef(a)_6am-MLP,rsquared_6am-MLP,Standard Error_6am-MLP,coef(b)_6am-MLP,coef(a)_Acu-6am-MLP,rsquared_Acu-6am-MLP,Standard Error_Acu-6am-MLP,coef(b)_Acu-6am-MLP,coef(a)_6am-Beysens,rsquared_6am-Beysens,Standard Error_6am-Beysens,coef(b)_6am-Beysens,coef(a)_Acu-6am-Beysens,rsquared_Acu-6am-Beysens,Standard Error_Acu-6am-Beysens,coef(b)_Acu-6am-Beysens,coef(a)_Beysens-PM,rsquared_Beysens-PM,Standard Error_Beysens-PM,coef(b)_Beysens-PM,coef(a)_Acu-Beysens-PM,rsquared_Acu-Beysens-PM,Standard Error_Acu-Beysens-PM,coef(b)_Acu-Beysens-PM,coef(a)_MLP-PM,rsquared_MLP-PM,Standard Error_MLP-PM,coef(b)_MLP-PM,coef(a)_Acu-MLP-PM,rsquared_Acu-MLP-PM,Standard Error_Acu-MLP-PM,coef(b)_Acu-MLP-PM
0,9.0,0.5062792718279543,0.26830077264037144,0.07569471256021827,0.013786687546513885,1.0664346616095863,0.9904516915881517,0.009479837831500118,-0.1457908832402674,0.7779724547204114,0.31605143708004446,0.10361369012708253,0.012681187169284338,1.2293478860935232,0.9763542937960682,0.0173207745057672,-0.17310953844260002,-0.0012430397762503809,0.007695638284634487,0.0012779246209537244,0.004147095994087689,0.06370726092744072,0.7500812776581928,0.0033293101213626186,0.05871969984941409,0.4040697279653892,0.13833020699025322,0.09130367181193558,0.03235591897302981,1.5456227206900337,0.9845809778277836,0.01751161797408497,-0.11113931724151392
