,Pruebas,coef(a)_6am-MLP,rsquared_6am-MLP,Standard Error_6am-MLP,coef(b)_6am-MLP,coef(a)_Acu-6am-MLP,rsquared_Acu-6am-MLP,Standard Error_Acu-6am-MLP,coef(b)_Acu-6am-MLP,coef(a)_6am-Beysens,rsquared_6am-Beysens,Standard Error_6am-Beysens,coef(b)_6am-Beysens,coef(a)_Acu-6am-Beysens,rsquared_Acu-6am-Beysens,Standard Error_Acu-6am-Beysens,coef(b)_Acu-6am-Beysens,coef(a)_Beysens-PM,rsquared_Beysens-PM,Standard Error_Beysens-PM,coef(b)_Beysens-PM,coef(a)_Acu-Beysens-PM,rsquared_Acu-Beysens-PM,Standard Error_Acu-Beysens-PM,coef(b)_Acu-Beysens-PM,coef(a)_MLP-PM,rsquared_MLP-PM,Standard Error_MLP-PM,coef(b)_MLP-PM,coef(a)_Acu-MLP-PM,rsquared_Acu-MLP-PM,Standard Error_Acu-MLP-PM,coef(b)_Acu-MLP-PM
0,5.0,0.32366169200790296,0.3427069133478845,0.04058163147938091,0.018452857304166223,1.007290903927327,0.97670478320096,0.014084022700453057,0.2944069350515718,0.6835007789945498,0.3718328372003047,0.08043088425729326,0.013321863065726927,1.1792024126403322,0.9569616404858482,0.022640657425843754,0.41243799465955017,-0.0004887600624332328,0.0015541149260567266,0.0011215961148085295,0.002323616757069412,0.07728187484743823,0.8190219133077058,0.0032889931543431047,0.022498141123281218,0.27636670325279444,0.26068762680921154,0.04213660848794145,0.024461086559868186,1.152045176511956,0.9899677217691167,0.010499747625140712,0.2876833909004647
