,Pruebas,coef(a)_6am-MLP,rsquared_6am-MLP,Standard Error_6am-MLP,coef(b)_6am-MLP,coef(a)_Acu-6am-MLP,rsquared_Acu-6am-MLP,Standard Error_Acu-6am-MLP,coef(b)_Acu-6am-MLP,coef(a)_6am-Beysens,rsquared_6am-Beysens,Standard Error_6am-Beysens,coef(b)_6am-Beysens,coef(a)_Acu-6am-Beysens,rsquared_Acu-6am-Beysens,Standard Error_Acu-6am-Beysens,coef(b)_Acu-6am-Beysens,coef(a)_Beysens-PM,rsquared_Beysens-PM,Standard Error_Beysens-PM,coef(b)_Beysens-PM,coef(a)_Acu-Beysens-PM,rsquared_Acu-Beysens-PM,Standard Error_Acu-Beysens-PM,coef(b)_Acu-Beysens-PM,coef(a)_MLP-PM,rsquared_MLP-PM,Standard Error_MLP-PM,coef(b)_MLP-PM,coef(a)_Acu-MLP-PM,rsquared_Acu-MLP-PM,Standard Error_Acu-MLP-PM,coef(b)_Acu-MLP-PM
0,2.0,0.4723163345909695,0.4611750003514494,0.04622149906740407,0.022548716869147535,1.257930530401092,0.9863762207714906,0.013384564443811775,-0.2417842334437285,0.6548566833359228,0.32203323848458076,0.0860241124095557,0.016583261543059283,1.2015752762111354,0.974916931792342,0.017449283203833002,-0.26558589031815316,0.003269156840795059,0.022392866020865876,0.0019556141980491665,-0.0024458278990288577,0.11555557011162543,0.5822706562318815,0.008861270804363379,-0.11361461034997246,0.3514746327053534,0.3252991546161882,0.04582772044512518,0.025733284543969656,1.2949690469468518,0.9775803112884041,0.01775489220311447,-0.3058243372286801
