,Pruebas,coef(a)_6am-MLP,rsquared_6am-MLP,Standard Error_6am-MLP,coef(b)_6am-MLP,coef(a)_Acu-6am-MLP,rsquared_Acu-6am-MLP,Standard Error_Acu-6am-MLP,coef(b)_Acu-6am-MLP,coef(a)_6am-Beysens,rsquared_6am-Beysens,Standard Error_6am-Beysens,coef(b)_6am-Beysens,coef(a)_Acu-6am-Beysens,rsquared_Acu-6am-Beysens,Standard Error_Acu-6am-Beysens,coef(b)_Acu-6am-Beysens,coef(a)_Beysens-PM,rsquared_Beysens-PM,Standard Error_Beysens-PM,coef(b)_Beysens-PM,coef(a)_Acu-Beysens-PM,rsquared_Acu-Beysens-PM,Standard Error_Acu-Beysens-PM,coef(b)_Acu-Beysens-PM,coef(a)_MLP-PM,rsquared_MLP-PM,Standard Error_MLP-PM,coef(b)_MLP-PM,coef(a)_Acu-MLP-PM,rsquared_Acu-MLP-PM,Standard Error_Acu-MLP-PM,coef(b)_Acu-MLP-PM
0,119.0,0.6017331172741438,0.4420732992482007,0.061201975136879715,0.009429179591032573,0.9012016667932868,0.9864535500206835,0.009561290165823565,-0.02717032436573804,0.6017753165204598,0.34584085225207906,0.07493039426159974,0.014926207877056626,1.094387203065441,0.9846219929082539,0.012382443446130282,0.1180874860110987,0.0024260486677731095,0.011066887818629079,0.002076300931809147,0.00023545055402688565,0.17816917137469868,0.8239046201462378,0.0074574123323231925,-0.12351586757594779,0.22846987084671264,0.08223850634975627,0.06909974557888178,0.0202943256853695,0.7687657580383191,0.928687133484193,0.019286940863504406,0.06764524860919316
