,Pruebas,coef(a)_LM-PD,rsquared_LM-PD,Standard Error_LM-PD,coef(b)_LM-PD,coef(a)_Acu-LM-PD,rsquared_Acu-LM-PD,Standard Error_Acu-LM-PD,coef(b)_Acu-LM-PD,coef(a)LM-6AM,rsquaredLM-6AM,Standard ErrorLM-6AM,coef(b)LM-6AM,coef(a)_Acu-LM-6AM,rsquared_Acu-LM-6AM,Standard Error_Acu-LM-6AM,coef(b)_Acu-LM-6AM
0,3.0,0.4051920261794425,0.09783583344846214,0.11139732993876565,0.046395791025820234,2.4597303377677338,0.9618958009886267,0.0443230855755955,0.11317832470255237,0.5420916101331033,0.29467659445146455,0.0759301211499239,0.019632328312293355,1.6308490058281102,0.9693968345589337,0.026234102656054786,-0.19017490092471495
