,Pruebas,coef(a)_6am-MLP,rsquared_6am-MLP,Standard Error_6am-MLP,coef(b)_6am-MLP,coef(a)_Acu-6am-MLP,rsquared_Acu-6am-MLP,Standard Error_Acu-6am-MLP,coef(b)_Acu-6am-MLP,coef(a)_6am-Beysens,rsquared_6am-Beysens,Standard Error_6am-Beysens,coef(b)_6am-Beysens,coef(a)_Acu-6am-Beysens,rsquared_Acu-6am-Beysens,Standard Error_Acu-6am-Beysens,coef(b)_Acu-6am-Beysens,coef(a)_Beysens-PM,rsquared_Beysens-PM,Standard Error_Beysens-PM,coef(b)_Beysens-PM,coef(a)_Acu-Beysens-PM,rsquared_Acu-Beysens-PM,Standard Error_Acu-Beysens-PM,coef(b)_Acu-Beysens-PM,coef(a)_MLP-PM,rsquared_MLP-PM,Standard Error_MLP-PM,coef(b)_MLP-PM,coef(a)_Acu-MLP-PM,rsquared_Acu-MLP-PM,Standard Error_Acu-MLP-PM,coef(b)_Acu-MLP-PM
0,119.0,0.5194422883364928,0.5213453027719279,0.045061519093985175,0.016308209384113384,1.237845473713959,0.9854016581314076,0.013640542334988154,-0.35386185096988154,0.6560929743758549,0.3064382770726112,0.08936274985627773,0.015536394729711026,1.3663256553833731,0.9855881866592229,0.014958425314212584,-0.3226634103205113,0.0009834071221087738,0.00398335249651971,0.0014078693772143045,0.0008549915527847355,0.10923542390055954,0.8324852922312322,0.0044363088170476135,-0.06736527880335541,0.2801556678055734,0.39126013534645,0.031637528009429115,0.024542773639973287,1.2459377129139821,0.9746349814757361,0.018197553731370872,-0.21749295163547844
