,Pruebas,coef(a)_LM-PD,rsquared_LM-PD,Standard Error_LM-PD,coef(b)_LM-PD,coef(a)_Acu-LM-PD,rsquared_Acu-LM-PD,Standard Error_Acu-LM-PD,coef(b)_Acu-LM-PD,coef(a)LM-6AM,rsquaredLM-6AM,Standard ErrorLM-6AM,coef(b)LM-6AM,coef(a)_Acu-LM-6AM,rsquared_Acu-LM-6AM,Standard Error_Acu-LM-6AM,coef(b)_Acu-LM-6AM
0,7.0,0.4121009281780039,0.11484709684229621,0.10357928565143176,0.04244918029588969,2.274813582653427,0.9624329254648296,0.0406896868658154,0.14179160414293435,0.5628664641978992,0.35004218703030354,0.06943970214697862,0.024102209029564454,1.8338313125102912,0.9824383500734654,0.02219777635685696,-0.22639421216412797
