,Pruebas,coef(a)_6am-MLP,rsquared_6am-MLP,Standard Error_6am-MLP,coef(b)_6am-MLP,coef(a)_Acu-6am-MLP,rsquared_Acu-6am-MLP,Standard Error_Acu-6am-MLP,coef(b)_Acu-6am-MLP,coef(a)_6am-Beysens,rsquared_6am-Beysens,Standard Error_6am-Beysens,coef(b)_6am-Beysens,coef(a)_Acu-6am-Beysens,rsquared_Acu-6am-Beysens,Standard Error_Acu-6am-Beysens,coef(b)_Acu-6am-Beysens,coef(a)_Beysens-PM,rsquared_Beysens-PM,Standard Error_Beysens-PM,coef(b)_Beysens-PM,coef(a)_Acu-Beysens-PM,rsquared_Acu-Beysens-PM,Standard Error_Acu-Beysens-PM,coef(b)_Acu-Beysens-PM,coef(a)_MLP-PM,rsquared_MLP-PM,Standard Error_MLP-PM,coef(b)_MLP-PM,coef(a)_Acu-MLP-PM,rsquared_Acu-MLP-PM,Standard Error_Acu-MLP-PM,coef(b)_Acu-MLP-PM
0,1.0,0.3531476490037162,0.3636873240043199,0.04229096865562988,0.01817272997770965,0.8804055046937836,0.9838659425615989,0.01020720109663537,-0.21944057427666255,0.6610694977363163,0.3584681332404638,0.08006653671140611,0.015204280346003681,1.1419138443731012,0.9914267828053198,0.009613798441263505,-0.04378632688307546,0.00016671222141075744,0.0010006754704977583,0.00047689579529435215,0.0006084805325549077,0.03865971387528208,0.9300576519090474,0.0009598290479519229,-0.028804318244926033,0.2442164661097001,0.3048594909071871,0.033387310749781886,0.02467554018626942,0.9890055890257097,0.9680016859512645,0.016279622212149635,-0.11650017045978114
