,Pruebas,coef(a)_6am-MLP,rsquared_6am-MLP,Standard Error_6am-MLP,coef(b)_6am-MLP,coef(a)_Acu-6am-MLP,rsquared_Acu-6am-MLP,Standard Error_Acu-6am-MLP,coef(b)_Acu-6am-MLP,coef(a)_6am-Beysens,rsquared_6am-Beysens,Standard Error_6am-Beysens,coef(b)_6am-Beysens,coef(a)_Acu-6am-Beysens,rsquared_Acu-6am-Beysens,Standard Error_Acu-6am-Beysens,coef(b)_Acu-6am-Beysens,coef(a)_Beysens-PM,rsquared_Beysens-PM,Standard Error_Beysens-PM,coef(b)_Beysens-PM,coef(a)_Acu-Beysens-PM,rsquared_Acu-Beysens-PM,Standard Error_Acu-Beysens-PM,coef(b)_Acu-Beysens-PM,coef(a)_MLP-PM,rsquared_MLP-PM,Standard Error_MLP-PM,coef(b)_MLP-PM,coef(a)_Acu-MLP-PM,rsquared_Acu-MLP-PM,Standard Error_Acu-MLP-PM,coef(b)_Acu-MLP-PM
0,7.0,0.3265068590802245,0.25600708826387086,0.05039306326082906,0.02626218268717384,1.094623934134431,0.9872683803186827,0.011254060335986395,0.03085124648894677,0.7254082862818653,0.41584767057261574,0.0778392274171025,0.013482586318734911,1.032440930702366,0.9656017408033688,0.017642271881118502,0.2125937623225423,0.001884233142846726,0.010285823816092221,0.001673362676940662,-0.0007633339419601964,0.07298826771798857,0.6643676232676847,0.0046967866755617226,-0.033277587718068505,0.1751732065038513,0.26363380061951613,0.026505384269004353,0.024094771947069264,0.9649848278112738,0.9724418977500934,0.014707314921751027,-0.27884447777481125
