,Pruebas,coef(a)_6am-MLP,rsquared_6am-MLP,Standard Error_6am-MLP,coef(b)_6am-MLP,coef(a)_Acu-6am-MLP,rsquared_Acu-6am-MLP,Standard Error_Acu-6am-MLP,coef(b)_Acu-6am-MLP,coef(a)_6am-Beysens,rsquared_6am-Beysens,Standard Error_6am-Beysens,coef(b)_6am-Beysens,coef(a)_Acu-6am-Beysens,rsquared_Acu-6am-Beysens,Standard Error_Acu-6am-Beysens,coef(b)_Acu-6am-Beysens,coef(a)_Beysens-PM,rsquared_Beysens-PM,Standard Error_Beysens-PM,coef(b)_Beysens-PM,coef(a)_Acu-Beysens-PM,rsquared_Acu-Beysens-PM,Standard Error_Acu-Beysens-PM,coef(b)_Acu-Beysens-PM,coef(a)_MLP-PM,rsquared_MLP-PM,Standard Error_MLP-PM,coef(b)_MLP-PM,coef(a)_Acu-MLP-PM,rsquared_Acu-MLP-PM,Standard Error_Acu-MLP-PM,coef(b)_Acu-MLP-PM
0,10.0,0.3096757796582197,0.23265536209319726,0.05091737237989807,0.02369520476419197,1.0345148355778728,0.9865668662190249,0.010929044993676171,-0.12909594559283072,0.616384736220472,0.3188436583661871,0.08156549396226988,0.016116439100834868,1.178316122555228,0.9908659547057846,0.010242501395625745,-0.047681392500392286,-0.0032109781937268663,0.01500293026394528,0.002355520373060445,0.011328982552321431,0.19079985336042293,0.8072602224905567,0.008440671944148433,0.06675170766263719,0.1594460156153405,0.09951424472895287,0.04342397876057657,0.025575415962053833,1.136435794800355,0.9888583543919525,0.010921256761019304,-0.23395638627670656
