,Pruebas,coef(a)_6am-MLP,rsquared_6am-MLP,Standard Error_6am-MLP,coef(b)_6am-MLP,coef(a)_Acu-6am-MLP,rsquared_Acu-6am-MLP,Standard Error_Acu-6am-MLP,coef(b)_Acu-6am-MLP,coef(a)_6am-Beysens,rsquared_6am-Beysens,Standard Error_6am-Beysens,coef(b)_6am-Beysens,coef(a)_Acu-6am-Beysens,rsquared_Acu-6am-Beysens,Standard Error_Acu-6am-Beysens,coef(b)_Acu-6am-Beysens,coef(a)_Beysens-PM,rsquared_Beysens-PM,Standard Error_Beysens-PM,coef(b)_Beysens-PM,coef(a)_Acu-Beysens-PM,rsquared_Acu-Beysens-PM,Standard Error_Acu-Beysens-PM,coef(b)_Acu-Beysens-PM,coef(a)_MLP-PM,rsquared_MLP-PM,Standard Error_MLP-PM,coef(b)_MLP-PM,coef(a)_Acu-MLP-PM,rsquared_Acu-MLP-PM,Standard Error_Acu-MLP-PM,coef(b)_Acu-MLP-PM
0,8.0,0.4291550448967933,0.29319419159771587,0.06032630486367566,0.02721073336655732,1.3242350548734758,0.9689152230972291,0.02147415842464879,-0.4485851232024611,0.6423314421039412,0.2808612292846133,0.093055001703454,0.01931961429244404,1.3947002457696778,0.9720564145381274,0.021408995547659373,-0.5728555765816723,0.0024154838484360536,0.0229530724037742,0.0014267948099203876,-0.0015920221206383951,0.10773472790068156,0.6709606816213614,0.006830479096722641,-0.11004512692860885,0.26261549346308055,0.17909280113590476,0.05090359269906318,0.027749192735741827,1.1194683320546785,0.9773615313055883,0.015425093364126055,-0.11391977819877255
