,Pruebas,coef(a)_6am-MLP,rsquared_6am-MLP,Standard Error_6am-MLP,coef(b)_6am-MLP,coef(a)_Acu-6am-MLP,rsquared_Acu-6am-MLP,Standard Error_Acu-6am-MLP,coef(b)_Acu-6am-MLP,coef(a)_6am-Beysens,rsquared_6am-Beysens,Standard Error_6am-Beysens,coef(b)_6am-Beysens,coef(a)_Acu-6am-Beysens,rsquared_Acu-6am-Beysens,Standard Error_Acu-6am-Beysens,coef(b)_Acu-6am-Beysens,coef(a)_Beysens-PM,rsquared_Beysens-PM,Standard Error_Beysens-PM,coef(b)_Beysens-PM,coef(a)_Acu-Beysens-PM,rsquared_Acu-Beysens-PM,Standard Error_Acu-Beysens-PM,coef(b)_Acu-Beysens-PM,coef(a)_MLP-PM,rsquared_MLP-PM,Standard Error_MLP-PM,coef(b)_MLP-PM,coef(a)_Acu-MLP-PM,rsquared_Acu-MLP-PM,Standard Error_Acu-MLP-PM,coef(b)_Acu-MLP-PM
0,9.0,0.4407256992278219,0.3191672990910793,0.058277303900555244,0.0227938306716688,1.4271137067916109,0.9852802586652578,0.01579242633358163,0.1715523569641173,0.626435269613754,0.29989384637556304,0.08665516555978303,0.015625523266371327,1.4185863718689609,0.9751276795663976,0.020511776603944796,-0.029838878896800577,0.0024219415290740497,0.012927417535058994,0.0019160303991443098,-0.0011430333130133408,0.1186763472807196,0.8261428393860341,0.004928933686684606,-0.08520707372370784,0.2862034701249937,0.2502165916249752,0.044854380822410535,0.026281582699336732,1.45769155857939,0.9866043805351934,0.015377849459176678,-0.0866118685926117
