,Pruebas,coef(a)_6am-MLP,rsquared_6am-MLP,Standard Error_6am-MLP,coef(b)_6am-MLP,coef(a)_Acu-6am-MLP,rsquared_Acu-6am-MLP,Standard Error_Acu-6am-MLP,coef(b)_Acu-6am-MLP,coef(a)_6am-Beysens,rsquared_6am-Beysens,Standard Error_6am-Beysens,coef(b)_6am-Beysens,coef(a)_Acu-6am-Beysens,rsquared_Acu-6am-Beysens,Standard Error_Acu-6am-Beysens,coef(b)_Acu-6am-Beysens,coef(a)_Beysens-PM,rsquared_Beysens-PM,Standard Error_Beysens-PM,coef(b)_Beysens-PM,coef(a)_Acu-Beysens-PM,rsquared_Acu-Beysens-PM,Standard Error_Acu-Beysens-PM,coef(b)_Acu-Beysens-PM,coef(a)_MLP-PM,rsquared_MLP-PM,Standard Error_MLP-PM,coef(b)_MLP-PM,coef(a)_Acu-MLP-PM,rsquared_Acu-MLP-PM,Standard Error_Acu-MLP-PM,coef(b)_Acu-MLP-PM
0,1.0,0.4948137535810921,0.46508488118669056,0.048043890952294464,0.009608331276011194,0.8099862842836646,0.9931865123392043,0.006073892207299808,0.07253665298964476,0.5720441183497359,0.24641548008700376,0.09056942280321788,0.01270498080499436,0.9285230380601935,0.9539245231029029,0.018475265198550844,0.48762058622253157,-0.0013645806287322427,0.0035912007626844877,0.002057871351677115,0.006374576144910572,0.1644658616127228,0.9310256593515609,0.004052833878520092,0.04349159780506584,0.33342640363730175,0.1698814817103863,0.06672938358050473,0.01707751066958669,1.0102100419598241,0.9604410993986939,0.018561732264960447,0.12984540773636777
