,Pruebas,coef(a)_6am-MLP,rsquared_6am-MLP,Standard Error_6am-MLP,coef(b)_6am-MLP,coef(a)_Acu-6am-MLP,rsquared_Acu-6am-MLP,Standard Error_Acu-6am-MLP,coef(b)_Acu-6am-MLP,coef(a)_6am-Beysens,rsquared_6am-Beysens,Standard Error_6am-Beysens,coef(b)_6am-Beysens,coef(a)_Acu-6am-Beysens,rsquared_Acu-6am-Beysens,Standard Error_Acu-6am-Beysens,coef(b)_Acu-6am-Beysens,coef(a)_Beysens-PM,rsquared_Beysens-PM,Standard Error_Beysens-PM,coef(b)_Beysens-PM,coef(a)_Acu-Beysens-PM,rsquared_Acu-Beysens-PM,Standard Error_Acu-Beysens-PM,coef(b)_Acu-Beysens-PM,coef(a)_MLP-PM,rsquared_MLP-PM,Standard Error_MLP-PM,coef(b)_MLP-PM,coef(a)_Acu-MLP-PM,rsquared_Acu-MLP-PM,Standard Error_Acu-MLP-PM,coef(b)_Acu-MLP-PM
0,10.0,0.4087777935695056,0.297091192087646,0.05692617474512754,0.031049972462625423,1.399673534739209,0.9876135150881828,0.01419146929197374,0.1550101104713676,0.6996279779986239,0.36495020524707356,0.08355536429832966,0.02325306793812055,1.4451090705911578,0.9881265007650128,0.01434180464505398,-0.07109305719531295,0.0006113331040469926,0.0012271646510948475,0.0015789920410577744,0.002057129449349654,0.12506886002515988,0.9408093464167182,0.002840174554175966,-0.05787275786969332,0.28057870986094513,0.2193020234702009,0.0479286236787064,0.025415436043167993,1.1369314885789357,0.986517362993425,0.012033429964454773,0.13824903646341857
