,Pruebas,coef(a)_6am-MLP,rsquared_6am-MLP,Standard Error_6am-MLP,coef(b)_6am-MLP,coef(a)_Acu-6am-MLP,rsquared_Acu-6am-MLP,Standard Error_Acu-6am-MLP,coef(b)_Acu-6am-MLP,coef(a)_6am-Beysens,rsquared_6am-Beysens,Standard Error_6am-Beysens,coef(b)_6am-Beysens,coef(a)_Acu-6am-Beysens,rsquared_Acu-6am-Beysens,Standard Error_Acu-6am-Beysens,coef(b)_Acu-6am-Beysens,coef(a)_Beysens-PM,rsquared_Beysens-PM,Standard Error_Beysens-PM,coef(b)_Beysens-PM,coef(a)_Acu-Beysens-PM,rsquared_Acu-Beysens-PM,Standard Error_Acu-Beysens-PM,coef(b)_Acu-Beysens-PM,coef(a)_MLP-PM,rsquared_MLP-PM,Standard Error_MLP-PM,coef(b)_MLP-PM,coef(a)_Acu-MLP-PM,rsquared_Acu-MLP-PM,Standard Error_Acu-MLP-PM,coef(b)_Acu-MLP-PM
0,5.0,0.503945182062064,0.3901164922656134,0.0570465874845233,0.025923718213733047,1.306057488820047,0.9856863783426651,0.014249111018989747,0.05886342573261259,0.7344130183648904,0.3465265454321612,0.09130744113340261,0.018784401155263253,1.3037745519504602,0.9862342091367912,0.013945469393413656,0.19341141444097945,0.0034707279837396217,0.015308114642950565,0.002520170877128795,-0.0004970192144381144,0.27208138149937516,0.823813423215406,0.011391761540385417,-0.23644379783013192,0.3420741629382294,0.3052611763638906,0.046721350497271795,0.029743345135753947,1.367863990047034,0.9831557371756624,0.0162098071316079,-0.31125848886854196
