,Pruebas,coef(a)_6am-MLP,rsquared_6am-MLP,Standard Error_6am-MLP,coef(b)_6am-MLP,coef(a)_Acu-6am-MLP,rsquared_Acu-6am-MLP,Standard Error_Acu-6am-MLP,coef(b)_Acu-6am-MLP,coef(a)_6am-Beysens,rsquared_6am-Beysens,Standard Error_6am-Beysens,coef(b)_6am-Beysens,coef(a)_Acu-6am-Beysens,rsquared_Acu-6am-Beysens,Standard Error_Acu-6am-Beysens,coef(b)_Acu-6am-Beysens,coef(a)_Beysens-PM,rsquared_Beysens-PM,Standard Error_Beysens-PM,coef(b)_Beysens-PM,coef(a)_Acu-Beysens-PM,rsquared_Acu-Beysens-PM,Standard Error_Acu-Beysens-PM,coef(b)_Acu-Beysens-PM,coef(a)_MLP-PM,rsquared_MLP-PM,Standard Error_MLP-PM,coef(b)_MLP-PM,coef(a)_Acu-MLP-PM,rsquared_Acu-MLP-PM,Standard Error_Acu-MLP-PM,coef(b)_Acu-MLP-PM
0,10.0,0.33198997703252847,0.45712637556092395,0.03275489954743721,0.010659799213849519,0.6085745379787273,0.9579779195831352,0.011539709866030487,-0.18948864708724458,0.5451804425306419,0.3967601213376428,0.06086131998055141,0.010248194528662349,0.8453040937637262,0.9676763135794952,0.013987124611378925,-0.19491306736059455,-0.001462091596701241,0.009389366610963457,0.001359652764799697,0.004998515364357542,0.07916306374755044,0.7961749661798815,0.0036263288152504373,0.008745148016137173,0.46080529217624644,0.48960955891667557,0.042595514860047194,0.013504444317866106,0.9624855175953125,0.9639412186937628,0.016853671916765466,-0.2671810068946435
