,Pruebas,coef(a)_6am-MLP,rsquared_6am-MLP,Standard Error_6am-MLP,coef(b)_6am-MLP,coef(a)_Acu-6am-MLP,rsquared_Acu-6am-MLP,Standard Error_Acu-6am-MLP,coef(b)_Acu-6am-MLP,coef(a)_6am-Beysens,rsquared_6am-Beysens,Standard Error_6am-Beysens,coef(b)_6am-Beysens,coef(a)_Acu-6am-Beysens,rsquared_Acu-6am-Beysens,Standard Error_Acu-6am-Beysens,coef(b)_Acu-6am-Beysens,coef(a)_Beysens-PM,rsquared_Beysens-PM,Standard Error_Beysens-PM,coef(b)_Beysens-PM,coef(a)_Acu-Beysens-PM,rsquared_Acu-Beysens-PM,Standard Error_Acu-Beysens-PM,coef(b)_Acu-Beysens-PM,coef(a)_MLP-PM,rsquared_MLP-PM,Standard Error_MLP-PM,coef(b)_MLP-PM,coef(a)_Acu-MLP-PM,rsquared_Acu-MLP-PM,Standard Error_Acu-MLP-PM,coef(b)_Acu-MLP-PM
0,1.0,0.4313872379595699,0.19851481853100994,0.07847633263546835,0.019192391115510368,1.324920432289225,0.9534287877534958,0.026510903165754524,-0.36767397274078484,0.5751504777916683,0.25722173270501814,0.08848656453031209,0.014010869260629739,1.2859886366572182,0.9518123160002815,0.026196880712793486,-0.1913089454944831,-0.003323422644550427,0.006346117125023754,0.0037650364468434444,0.010212184491660562,0.29691820598740487,0.8532600965346078,0.011147829275355067,-0.12363786328560768,0.29113867486191414,0.13180458789344895,0.06764932576786592,0.027218277846668325,1.8337136784881924,0.9392031219881524,0.042238889047591,-1.0140812421662413
