,Pruebas,coef(a)_6am-MLP,rsquared_6am-MLP,Standard Error_6am-MLP,coef(b)_6am-MLP,coef(a)_Acu-6am-MLP,rsquared_Acu-6am-MLP,Standard Error_Acu-6am-MLP,coef(b)_Acu-6am-MLP,coef(a)_6am-Beysens,rsquared_6am-Beysens,Standard Error_6am-Beysens,coef(b)_6am-Beysens,coef(a)_Acu-6am-Beysens,rsquared_Acu-6am-Beysens,Standard Error_Acu-6am-Beysens,coef(b)_Acu-6am-Beysens,coef(a)_Beysens-PM,rsquared_Beysens-PM,Standard Error_Beysens-PM,coef(b)_Beysens-PM,coef(a)_Acu-Beysens-PM,rsquared_Acu-Beysens-PM,Standard Error_Acu-Beysens-PM,coef(b)_Acu-Beysens-PM,coef(a)_MLP-PM,rsquared_MLP-PM,Standard Error_MLP-PM,coef(b)_MLP-PM,coef(a)_Acu-MLP-PM,rsquared_Acu-MLP-PM,Standard Error_Acu-MLP-PM,coef(b)_Acu-MLP-PM
0,1.0,0.4456671945280102,0.4090157412208374,0.04850077660070194,0.021926056190888655,1.5134794451753903,0.9767220690521319,0.021153551897863374,-0.06396831419144496,0.6312825757001781,0.2737183649891519,0.0930988785799814,0.012912742945293439,1.0600070906961019,0.9630284403745999,0.018803694396327685,0.3510690791519191,-0.0013415832316165921,0.040388076784999116,0.0005920507521235912,0.002806397734760442,0.010066447699633467,0.20287073751814655,0.001806554210568118,0.061190618855122336,0.37712906334437507,0.31835609375004126,0.04996113625958348,0.02433171629290492,1.501657938061236,0.9729719734062464,0.022659384278337132,-0.1364527864039714
