,Pruebas,coef(a)_LM-PD,rsquared_LM-PD,Standard Error_LM-PD,coef(b)_LM-PD,coef(a)_Acu-LM-PD,rsquared_Acu-LM-PD,Standard Error_Acu-LM-PD,coef(b)_Acu-LM-PD,coef(a)LM-6AM,rsquaredLM-6AM,Standard ErrorLM-6AM,coef(b)LM-6AM,coef(a)_Acu-LM-6AM,rsquared_Acu-LM-6AM,Standard Error_Acu-LM-6AM,coef(b)_Acu-LM-6AM
0,4.0,0.4665648174852598,0.18265822749867155,0.08935407028801604,0.04329342193249256,2.4289276696466993,0.9696262512443365,0.03892079314533659,-0.09856191502913624,0.5111806483292063,0.3941339038919277,0.057380052743199544,0.02584103431996239,1.824528379553309,0.9765941754643223,0.025572643014294794,-0.12978260429453825
