,Pruebas,coef(a)_6am-MLP,rsquared_6am-MLP,Standard Error_6am-MLP,coef(b)_6am-MLP,coef(a)_Acu-6am-MLP,rsquared_Acu-6am-MLP,Standard Error_Acu-6am-MLP,coef(b)_Acu-6am-MLP,coef(a)_6am-Beysens,rsquared_6am-Beysens,Standard Error_6am-Beysens,coef(b)_6am-Beysens,coef(a)_Acu-6am-Beysens,rsquared_Acu-6am-Beysens,Standard Error_Acu-6am-Beysens,coef(b)_Acu-6am-Beysens,coef(a)_Beysens-PM,rsquared_Beysens-PM,Standard Error_Beysens-PM,coef(b)_Beysens-PM,coef(a)_Acu-Beysens-PM,rsquared_Acu-Beysens-PM,Standard Error_Acu-Beysens-PM,coef(b)_Acu-Beysens-PM,coef(a)_MLP-PM,rsquared_MLP-PM,Standard Error_MLP-PM,coef(b)_MLP-PM,coef(a)_Acu-MLP-PM,rsquared_Acu-MLP-PM,Standard Error_Acu-MLP-PM,coef(b)_Acu-MLP-PM
0,2.0,0.33765619545986836,0.43971879283881643,0.034507247618721544,0.02455946764621525,1.1760382935433613,0.9812113877894323,0.014733557078451176,-0.029097818345454968,0.72887562146871,0.49087941264916923,0.06720420218670371,0.012001712687254515,1.1687252154632086,0.9761119495211515,0.016552859855885144,-0.3736391348616356,0.0027749878960775442,0.014279767200243154,0.0020873604460250497,0.0005744053444867794,0.12626197229689284,0.8005954132430411,0.00570497409584982,0.01622408753096548,0.2759086040702023,0.25773185958688505,0.042391780844257786,0.03238464845576393,1.3220997675605124,0.9849267746999899,0.01480762596694649,0.2477576017737176
