,Pruebas,coef(a)_6am-MLP,rsquared_6am-MLP,Standard Error_6am-MLP,coef(b)_6am-MLP,coef(a)_Acu-6am-MLP,rsquared_Acu-6am-MLP,Standard Error_Acu-6am-MLP,coef(b)_Acu-6am-MLP,coef(a)_6am-Beysens,rsquared_6am-Beysens,Standard Error_6am-Beysens,coef(b)_6am-Beysens,coef(a)_Acu-6am-Beysens,rsquared_Acu-6am-Beysens,Standard Error_Acu-6am-Beysens,coef(b)_Acu-6am-Beysens,coef(a)_Beysens-PM,rsquared_Beysens-PM,Standard Error_Beysens-PM,coef(b)_Beysens-PM,coef(a)_Acu-Beysens-PM,rsquared_Acu-Beysens-PM,Standard Error_Acu-Beysens-PM,coef(b)_Acu-Beysens-PM,coef(a)_MLP-PM,rsquared_MLP-PM,Standard Error_MLP-PM,coef(b)_MLP-PM,coef(a)_Acu-MLP-PM,rsquared_Acu-MLP-PM,Standard Error_Acu-MLP-PM,coef(b)_Acu-MLP-PM
0,1.0,0.4282936035259166,0.2806385488839066,0.06208141353687048,0.031103843685886447,1.4099449202135594,0.9746315183899414,0.020594404658521734,-0.022236246278949462,0.6344034243341352,0.26364970855918957,0.0959873908846271,0.026561922069653434,1.4579662493550303,0.9783529062625942,0.019634488159651246,-0.17018687825222212,-0.0037616287419193475,0.014609968706190024,0.0027968904380134187,0.012475809642092998,0.192632795141346,0.8042692020714134,0.008603579479568831,0.15260733481221753,0.1732925511790678,0.055489536626771474,0.06472885718648198,0.03043965359170537,1.250837523905223,0.9886694829006739,0.012123284237229484,0.19217109603575638
