,Pruebas,coef(a)_6am-MLP,rsquared_6am-MLP,Standard Error_6am-MLP,coef(b)_6am-MLP,coef(a)_Acu-6am-MLP,rsquared_Acu-6am-MLP,Standard Error_Acu-6am-MLP,coef(b)_Acu-6am-MLP,coef(a)_6am-Beysens,rsquared_6am-Beysens,Standard Error_6am-Beysens,coef(b)_6am-Beysens,coef(a)_Acu-6am-Beysens,rsquared_Acu-6am-Beysens,Standard Error_Acu-6am-Beysens,coef(b)_Acu-6am-Beysens,coef(a)_Beysens-PM,rsquared_Beysens-PM,Standard Error_Beysens-PM,coef(b)_Beysens-PM,coef(a)_Acu-Beysens-PM,rsquared_Acu-Beysens-PM,Standard Error_Acu-Beysens-PM,coef(b)_Acu-Beysens-PM,coef(a)_MLP-PM,rsquared_MLP-PM,Standard Error_MLP-PM,coef(b)_MLP-PM,coef(a)_Acu-MLP-PM,rsquared_Acu-MLP-PM,Standard Error_Acu-MLP-PM,coef(b)_Acu-MLP-PM
0,1.0,0.32477162512441266,0.37051128041621795,0.038325816374278225,0.021189174059029987,1.013431180428978,0.9810974908319418,0.01273555839709562,0.23060543970969247,0.6682553937652868,0.578572867539433,0.051635070264291226,0.011487248701904398,1.0766322653301297,0.9912567215841324,0.009154435245281789,-0.2564052608747075,0.002735127884675376,0.020709763752297272,0.001702808705278116,-0.0010781531567250564,0.1272746905994735,0.7610841114955825,0.006456071373678867,-0.09236277830986632,0.25613235936534834,0.36511984151053567,0.03057825325498683,0.024631730460353846,1.039226615738384,0.9916082980101745,0.008655363223703553,0.21448153472848147
