,Pruebas,coef(a)_6am-MLP,rsquared_6am-MLP,Standard Error_6am-MLP,coef(b)_6am-MLP,coef(a)_Acu-6am-MLP,rsquared_Acu-6am-MLP,Standard Error_Acu-6am-MLP,coef(b)_Acu-6am-MLP,coef(a)_6am-Beysens,rsquared_6am-Beysens,Standard Error_6am-Beysens,coef(b)_6am-Beysens,coef(a)_Acu-6am-Beysens,rsquared_Acu-6am-Beysens,Standard Error_Acu-6am-Beysens,coef(b)_Acu-6am-Beysens,coef(a)_Beysens-PM,rsquared_Beysens-PM,Standard Error_Beysens-PM,coef(b)_Beysens-PM,coef(a)_Acu-Beysens-PM,rsquared_Acu-Beysens-PM,Standard Error_Acu-Beysens-PM,coef(b)_Acu-Beysens-PM,coef(a)_MLP-PM,rsquared_MLP-PM,Standard Error_MLP-PM,coef(b)_MLP-PM,coef(a)_Acu-MLP-PM,rsquared_Acu-MLP-PM,Standard Error_Acu-MLP-PM,coef(b)_Acu-MLP-PM
0,1.0,0.4020263801259814,0.443599532907483,0.04076362686459968,0.020694933377601442,1.187583294075425,0.9908213183311112,0.010348481960210463,-0.01147764017580817,0.5922543790178054,0.30044509602102476,0.08181947867873242,0.01680422748513565,1.2889980942854682,0.9924224106013793,0.010197403704601125,-0.21600530539439805,-1.8083341447577145e-05,3.9668101958767465e-07,0.0025994290648749365,0.004825723008374159,0.177231037894691,0.8799684402267623,0.005926169131436837,0.023748219348244705,0.3552447833394503,0.21557392738927594,0.06135156448451173,0.028444379914161863,1.340866397052237,0.9881156114340872,0.013313435307559749,0.22215332537009636
