,Pruebas,coef(a)_6am-MLP,rsquared_6am-MLP,Standard Error_6am-MLP,coef(b)_6am-MLP,coef(a)_Acu-6am-MLP,rsquared_Acu-6am-MLP,Standard Error_Acu-6am-MLP,coef(b)_Acu-6am-MLP,coef(a)_6am-Beysens,rsquared_6am-Beysens,Standard Error_6am-Beysens,coef(b)_6am-Beysens,coef(a)_Acu-6am-Beysens,rsquared_Acu-6am-Beysens,Standard Error_Acu-6am-Beysens,coef(b)_Acu-6am-Beysens,coef(a)_Beysens-PM,rsquared_Beysens-PM,Standard Error_Beysens-PM,coef(b)_Beysens-PM,coef(a)_Acu-Beysens-PM,rsquared_Acu-Beysens-PM,Standard Error_Acu-Beysens-PM,coef(b)_Acu-Beysens-PM,coef(a)_MLP-PM,rsquared_MLP-PM,Standard Error_MLP-PM,coef(b)_MLP-PM,coef(a)_Acu-MLP-PM,rsquared_Acu-MLP-PM,Standard Error_Acu-MLP-PM,coef(b)_Acu-MLP-PM
0,1.0,0.4244321168387489,0.4019934486414304,0.04686750194767192,0.022310765074539173,1.1100102122899822,0.9938902272815198,0.007879349737819938,-0.23679783967514367,0.5225657513201345,0.22619464018905466,0.08750557832631892,0.016146251724047832,1.0727025675306332,0.9847266818814697,0.012095066227757039,-0.18145439062820157,-0.001949063402525287,0.010871674191290204,0.0016831551747252657,0.008632540598515252,0.11733259159138043,0.8985317253079423,0.003569744869065441,0.03815954832822478,0.21716383699801423,0.18599497786935537,0.041131113618430776,0.021097104419227436,0.840611716496683,0.9919522976086294,0.006854978296117123,-0.1388970603858172
