,Pruebas,coef(a)_6am-MLP,rsquared_6am-MLP,Standard Error_6am-MLP,coef(b)_6am-MLP,coef(a)_Acu-6am-MLP,rsquared_Acu-6am-MLP,Standard Error_Acu-6am-MLP,coef(b)_Acu-6am-MLP,coef(a)_6am-Beysens,rsquared_6am-Beysens,Standard Error_6am-Beysens,coef(b)_6am-Beysens,coef(a)_Acu-6am-Beysens,rsquared_Acu-6am-Beysens,Standard Error_Acu-6am-Beysens,coef(b)_Acu-6am-Beysens,coef(a)_Beysens-PM,rsquared_Beysens-PM,Standard Error_Beysens-PM,coef(b)_Beysens-PM,coef(a)_Acu-Beysens-PM,rsquared_Acu-Beysens-PM,Standard Error_Acu-Beysens-PM,coef(b)_Acu-Beysens-PM,coef(a)_MLP-PM,rsquared_MLP-PM,Standard Error_MLP-PM,coef(b)_MLP-PM,coef(a)_Acu-MLP-PM,rsquared_Acu-MLP-PM,Standard Error_Acu-MLP-PM,coef(b)_Acu-MLP-PM
0,1.0,0.4052603012130778,0.43848439238547954,0.04152006020602916,0.021470007719289974,1.08780150730009,0.9889148372475789,0.010427047031064597,-0.05655955609079333,0.5238040223685951,0.2622291143894675,0.07954432778894456,0.015435896091757476,0.9325212321252552,0.9833080633202272,0.010999865567154812,-0.027684585122841734,0.0023706243050187867,0.020316628908212397,0.0014903897723340816,-0.0015362252135179895,0.05702695074510998,0.5600967464414434,0.004575592053190135,0.002938280466054763,0.24232339303973385,0.20937634224182677,0.04263208048699551,0.024435013191235,0.9878992355263565,0.9827765164234136,0.011840385602551573,-0.13357265303367752
